[debug] [2024-10-24T11:13:11.972Z] : 
[debug] [2024-10-24T11:13:11.975Z] : ----------------------------------------------------------------------
[debug] [2024-10-24T11:13:11.975Z] : Command:      C:\Program Files\nodejs\node.exe C:\Users\91950\AppData\Roaming\npm\node_modules\zcatalyst-cli\lib\bin\catalyst.js serve
[debug] [2024-10-24T11:13:11.975Z] : CLI Version:  1.17.6
[debug] [2024-10-24T11:13:11.976Z] : Platform:     win32
[debug] [2024-10-24T11:13:11.976Z] : Node Version: v20.14.0
[debug] [2024-10-24T11:13:11.977Z] : Time:         Thu Oct 24 2024 16:43:11 GMT+0530 (India Standard Time)
[debug] [2024-10-24T11:13:11.977Z] : ----------------------------------------------------------------------
[debug] [2024-10-24T11:13:11.977Z] : 
[debug] [2024-10-24T11:13:13.520Z] : > authorizing via signed-in user option
[debug] [2024-10-24T11:13:13.521Z] : > command requires scopes: ["ZohoCatalyst.projects.ALL","ZohoCatalyst.functions.ALL","ZohoCatalyst.functions.EXECUTE","ZohoCatalyst.webapp.ALL","ZohoCatalyst.pdfshot.execute","ZohoCatalyst.authentication.CREATE"]
[debug] [2024-10-24T11:13:13.545Z] : >>>> HTTP REQUEST : GET https://api.catalyst.zoho.com/baas/v1/project/15205000000147040 

[debug] [2024-10-24T11:13:14.816Z] : <<<< HTTP RESPONSE : 200
Response Headers: {"server":"ZGS","date":"Thu, 24 Oct 2024 11:13:14 GMT","content-type":"application/vnd.catalyst.v2+json","transfer-encoding":"chunked","connection":"keep-alive","set-cookie":["zalb_46512fd555=b14009a6059feb83ee8aa1c715a015c5; Path=/; Secure; HttpOnly","ZD_CSRF_TOKEN=3ee82260-18ad-4a1d-88d4-bcd4ecb51e93;path=/;SameSite=None;Secure;priority=high","_zcsr_tmp=3ee82260-18ad-4a1d-88d4-bcd4ecb51e93;path=/;SameSite=Strict;Secure;priority=high"],"x-content-type-options":"nosniff","x-xss-protection":"1","cache-control":"private,no-cache,no-store,max-age=0,must-revalidate","pragma":"no-cache","expires":"Thu, 01 Jan 1970 00:00:00 GMT","x-frame-options":"DENY","strict-transport-security":"max-age=63072000"}

[debug] [2024-10-24T11:13:14.823Z] : >>>> HTTP REQUEST : GET https://api.catalyst.zoho.com/baas/v1/project/15205000000147040/environment 

[debug] [2024-10-24T11:13:15.152Z] : <<<< HTTP RESPONSE : 200
Response Headers: {"server":"ZGS","date":"Thu, 24 Oct 2024 11:13:14 GMT","content-type":"application/vnd.catalyst.v2+json","transfer-encoding":"chunked","connection":"keep-alive","set-cookie":["zalb_46512fd555=b14009a6059feb83ee8aa1c715a015c5; Path=/; Secure; HttpOnly","ZD_CSRF_TOKEN=e45a18a8-9d2f-4a85-a0de-c79d33ad3d7d;path=/;SameSite=None;Secure;priority=high","_zcsr_tmp=e45a18a8-9d2f-4a85-a0de-c79d33ad3d7d;path=/;SameSite=Strict;Secure;priority=high"],"x-content-type-options":"nosniff","x-xss-protection":"1","cache-control":"private,no-cache,no-store,max-age=0,must-revalidate","pragma":"no-cache","expires":"Thu, 01 Jan 1970 00:00:00 GMT","x-frame-options":"DENY","strict-transport-security":"max-age=63072000"}

[debug] [2024-10-24T11:13:15.654Z] : >>>> HTTP REQUEST : GET https://api.catalyst.zoho.com/baas/v1/project/15205000000147040/function 
Query params: {"type":"basicio,event,cron,applogic,integration,browser_logic"}

[debug] [2024-10-24T11:13:16.158Z] : <<<< HTTP RESPONSE : 200
Response Headers: {"server":"ZGS","date":"Thu, 24 Oct 2024 11:13:15 GMT","content-type":"application/vnd.catalyst.v2+json","transfer-encoding":"chunked","connection":"keep-alive","set-cookie":["zalb_46512fd555=c3d5ec374d3dc932973a3d50f55d8d00; Path=/; Secure; HttpOnly","ZD_CSRF_TOKEN=97615fdf-e9e7-46d6-869f-afd817c13947;path=/;SameSite=None;Secure;priority=high","_zcsr_tmp=97615fdf-e9e7-46d6-869f-afd817c13947;path=/;SameSite=Strict;Secure;priority=high"],"x-content-type-options":"nosniff","x-xss-protection":"1","cache-control":"private,no-cache,no-store,max-age=0,must-revalidate","pragma":"no-cache","expires":"Thu, 01 Jan 1970 00:00:00 GMT","x-frame-options":"DENY","strict-transport-security":"max-age=63072000"}

[debug] [2024-10-24T11:13:16.162Z] : unknown eol undefined hence skipping check
[debug] [2024-10-24T11:13:16.163Z] : unknown eol undefined hence skipping check
[debug] [2024-10-24T11:13:16.163Z] : unknown eol undefined hence skipping check
[warn] [2024-10-24T11:13:18.535Z] : ‼ skipping serve of function [cron] since invalid function type. Only basicio,advancedio,browser_logic are supported.
[info] [2024-10-24T11:13:22.222Z] : [react-plugin]: Starting the development server...

[info] [2024-10-24T11:13:22.225Z] : 
[info] [2024-10-24T11:13:22.226Z] : i Client[react-app]: Plugin : "zcatalyst-cli-plugin-react" is used for client serve
[info] [2024-10-24T11:13:22.226Z] : 
[info] [2024-10-24T11:13:24.754Z] : 
[info] [2024-10-24T11:13:24.755Z] :  >>>>>>>>>>>>>> BasicIO <<<<<<<<<<<<<< 
[info] [2024-10-24T11:13:24.757Z] : i authbasicio: http://localhost:3000/server/authbasicio/execute
[info] [2024-10-24T11:13:24.758Z] : 
[info] [2024-10-24T11:13:24.758Z] : 
[info] [2024-10-24T11:13:24.759Z] :  >>>>>>>>>>>>> AdvancedIO <<<<<<<<<<<< 
[info] [2024-10-24T11:13:24.760Z] : i waterheater_1_function: http://localhost:3000/server/waterheater_1_function/
[info] [2024-10-24T11:13:24.761Z] : 
[info] [2024-10-24T11:13:24.761Z] : 
[info] [2024-10-24T11:13:24.762Z] :  >>>>>>>>>>>>> Web Client <<<<<<<<<<<<
[info] [2024-10-24T11:13:24.762Z] : i client[react-app]: http://localhost:3000/app/
[info] [2024-10-24T11:13:24.763Z] : 
[info] [2024-10-24T11:13:35.272Z] : [react-plugin]: Compiled successfully!
[info] [2024-10-24T11:13:35.273Z] : [react-plugin]: 
[info] [2024-10-24T11:13:35.273Z] : [react-plugin]: You can now view react-app in the browser.
[info] [2024-10-24T11:13:35.273Z] : [react-plugin]: 
[info] [2024-10-24T11:13:35.273Z] : [react-plugin]:   Local:            http://localhost:3000/app/
[info] [2024-10-24T11:13:35.273Z] : [react-plugin]:   On Your Network:  http://192.168.31.148:3000/app/
[info] [2024-10-24T11:13:35.274Z] : [react-plugin]: 
[info] [2024-10-24T11:13:35.274Z] : [react-plugin]: Note that the development build is not optimized.
[info] [2024-10-24T11:13:35.274Z] : [react-plugin]: To create a production build, use npm run build.
[info] [2024-10-24T11:13:35.274Z] : [react-plugin]: 
[info] [2024-10-24T11:14:33.622Z] : Shutting down server
[info] [2024-10-24T11:14:34.004Z] : 
[info] [2024-10-24T11:14:34.006Z] : √ Shutdown complete
[debug] [2024-10-24T11:14:34.007Z] : NO ERRORS REGISTERED
[debug] [2024-10-24T11:14:34.007Z] : EXEC ENDED with event: serve, message: success
[debug] [2024-10-24T11:14:34.007Z] : TOTAL DURATION OF COMMAND EXEC : 80515
[debug] [2024-10-24T11:14:34.049Z] : >>>> HTTP REQUEST : POST https://api.catalyst.zoho.com/baas/v1/cli/logs 
<request body omitted>

[debug] [2024-10-24T11:14:37.074Z] : <<<< HTTP RESPONSE : 400
Response Headers: {"server":"ZGS","date":"Thu, 24 Oct 2024 11:14:36 GMT","content-type":"application/json;charset=ISO-8859-1","content-length":"147","connection":"keep-alive","set-cookie":["zalb_46512fd555=b14009a6059feb83ee8aa1c715a015c5; Path=/; Secure; HttpOnly","ZD_CSRF_TOKEN=7c761f9a-97ec-4307-b6f8-59fd968e42ec;path=/;SameSite=None;Secure;priority=high","_zcsr_tmp=7c761f9a-97ec-4307-b6f8-59fd968e42ec;path=/;SameSite=Strict;Secure;priority=high","JSESSIONID=0940FB2F2A92160064B0503E214332BC; Path=/; Secure; HttpOnly"],"x-content-type-options":"nosniff","x-xss-protection":"1","x-frame-options":"DENY","strict-transport-security":"max-age=63072000"}

[debug] [2024-10-24T11:14:37.075Z] : Response Body : {"status":"failure","data":{"error_code":"INPUT_SIZE_MORE_THAN_ALLOWED","message":"Please check if the size of the input is in the correct range"}}

[debug] [2024-10-24T11:14:37.078Z] : Unable to send debug log to server: HTTP Error: 400, Please check if the size of the input is in the correct range
[debug] [2024-10-24T11:22:25.227Z] : 
[debug] [2024-10-24T11:22:25.231Z] : ----------------------------------------------------------------------
[debug] [2024-10-24T11:22:25.231Z] : Command:      C:\Program Files\nodejs\node.exe C:\Users\91950\AppData\Roaming\npm\node_modules\zcatalyst-cli\lib\bin\catalyst.js serve
[debug] [2024-10-24T11:22:25.232Z] : CLI Version:  1.17.6
[debug] [2024-10-24T11:22:25.232Z] : Platform:     win32
[debug] [2024-10-24T11:22:25.233Z] : Node Version: v20.14.0
[debug] [2024-10-24T11:22:25.233Z] : Time:         Thu Oct 24 2024 16:52:25 GMT+0530 (India Standard Time)
[debug] [2024-10-24T11:22:25.233Z] : ----------------------------------------------------------------------
[debug] [2024-10-24T11:22:25.234Z] : 
[debug] [2024-10-24T11:22:26.863Z] : > authorizing via signed-in user option
[debug] [2024-10-24T11:22:26.864Z] : > command requires scopes: ["ZohoCatalyst.projects.ALL","ZohoCatalyst.functions.ALL","ZohoCatalyst.functions.EXECUTE","ZohoCatalyst.webapp.ALL","ZohoCatalyst.pdfshot.execute","ZohoCatalyst.authentication.CREATE"]
[debug] [2024-10-24T11:22:26.885Z] : >>>> HTTP REQUEST : GET https://api.catalyst.zoho.com/baas/v1/project/15205000000147040 

[debug] [2024-10-24T11:22:28.224Z] : <<<< HTTP RESPONSE : 200
Response Headers: {"server":"ZGS","date":"Thu, 24 Oct 2024 11:22:27 GMT","content-type":"application/vnd.catalyst.v2+json","transfer-encoding":"chunked","connection":"keep-alive","set-cookie":["zalb_46512fd555=b14009a6059feb83ee8aa1c715a015c5; Path=/; Secure; HttpOnly","ZD_CSRF_TOKEN=872a2d82-56c9-4971-a838-a6908954e709;path=/;SameSite=None;Secure;priority=high","_zcsr_tmp=872a2d82-56c9-4971-a838-a6908954e709;path=/;SameSite=Strict;Secure;priority=high"],"x-content-type-options":"nosniff","x-xss-protection":"1","cache-control":"private,no-cache,no-store,max-age=0,must-revalidate","pragma":"no-cache","expires":"Thu, 01 Jan 1970 00:00:00 GMT","x-frame-options":"DENY","strict-transport-security":"max-age=63072000"}

[debug] [2024-10-24T11:22:28.230Z] : >>>> HTTP REQUEST : GET https://api.catalyst.zoho.com/baas/v1/project/15205000000147040/environment 

[debug] [2024-10-24T11:22:28.618Z] : <<<< HTTP RESPONSE : 200
Response Headers: {"server":"ZGS","date":"Thu, 24 Oct 2024 11:22:28 GMT","content-type":"application/vnd.catalyst.v2+json","transfer-encoding":"chunked","connection":"keep-alive","set-cookie":["zalb_46512fd555=bbdfb771565421abbe10f7a180903d28; Path=/; Secure; HttpOnly","ZD_CSRF_TOKEN=4e05ed6f-8680-4e00-b5c9-48edbe955b37;path=/;SameSite=None;Secure;priority=high","_zcsr_tmp=4e05ed6f-8680-4e00-b5c9-48edbe955b37;path=/;SameSite=Strict;Secure;priority=high"],"x-content-type-options":"nosniff","x-xss-protection":"1","cache-control":"private,no-cache,no-store,max-age=0,must-revalidate","pragma":"no-cache","expires":"Thu, 01 Jan 1970 00:00:00 GMT","x-frame-options":"DENY","strict-transport-security":"max-age=63072000"}

[debug] [2024-10-24T11:22:29.046Z] : >>>> HTTP REQUEST : GET https://api.catalyst.zoho.com/baas/v1/project/15205000000147040/function 
Query params: {"type":"basicio,event,cron,applogic,integration,browser_logic"}

[debug] [2024-10-24T11:22:29.549Z] : <<<< HTTP RESPONSE : 200
Response Headers: {"server":"ZGS","date":"Thu, 24 Oct 2024 11:22:28 GMT","content-type":"application/vnd.catalyst.v2+json","transfer-encoding":"chunked","connection":"keep-alive","set-cookie":["zalb_46512fd555=4ead9897700827f973c0f7dbded7f673; Path=/; Secure; HttpOnly","ZD_CSRF_TOKEN=bf3a3e53-af16-4e9a-b516-4693d4563a5d;path=/;SameSite=None;Secure;priority=high","_zcsr_tmp=bf3a3e53-af16-4e9a-b516-4693d4563a5d;path=/;SameSite=Strict;Secure;priority=high"],"x-content-type-options":"nosniff","x-xss-protection":"1","cache-control":"private,no-cache,no-store,max-age=0,must-revalidate","pragma":"no-cache","expires":"Thu, 01 Jan 1970 00:00:00 GMT","x-frame-options":"DENY","strict-transport-security":"max-age=63072000"}

[debug] [2024-10-24T11:22:29.553Z] : unknown eol undefined hence skipping check
[debug] [2024-10-24T11:22:29.554Z] : unknown eol undefined hence skipping check
[debug] [2024-10-24T11:22:29.554Z] : unknown eol undefined hence skipping check
[warn] [2024-10-24T11:22:31.907Z] : ‼ skipping serve of function [cron] since invalid function type. Only basicio,advancedio,browser_logic are supported.
[info] [2024-10-24T11:22:35.414Z] : [react-plugin]: Starting the development server...

[info] [2024-10-24T11:22:35.417Z] : 
[info] [2024-10-24T11:22:35.417Z] : i Client[react-app]: Plugin : "zcatalyst-cli-plugin-react" is used for client serve
[info] [2024-10-24T11:22:35.418Z] : 
[info] [2024-10-24T11:22:37.482Z] : 
[info] [2024-10-24T11:22:37.482Z] :  >>>>>>>>>>>>>> BasicIO <<<<<<<<<<<<<< 
[info] [2024-10-24T11:22:37.483Z] : i authbasicio: http://localhost:3000/server/authbasicio/execute
[info] [2024-10-24T11:22:37.483Z] : 
[info] [2024-10-24T11:22:37.483Z] : 
[info] [2024-10-24T11:22:37.483Z] :  >>>>>>>>>>>>> AdvancedIO <<<<<<<<<<<< 
[info] [2024-10-24T11:22:37.483Z] : i waterheater_1_function: http://localhost:3000/server/waterheater_1_function/
[info] [2024-10-24T11:22:37.483Z] : 
[info] [2024-10-24T11:22:37.484Z] : 
[info] [2024-10-24T11:22:37.484Z] :  >>>>>>>>>>>>> Web Client <<<<<<<<<<<<
[info] [2024-10-24T11:22:37.485Z] : i client[react-app]: http://localhost:3000/app/
[info] [2024-10-24T11:22:37.485Z] : 
[info] [2024-10-24T11:22:45.725Z] : [react-plugin]: Compiled successfully!
[info] [2024-10-24T11:22:45.726Z] : [react-plugin]: 
[info] [2024-10-24T11:22:45.726Z] : [react-plugin]: You can now view react-app in the browser.
[info] [2024-10-24T11:22:45.726Z] : [react-plugin]: 
[info] [2024-10-24T11:22:45.726Z] : [react-plugin]:   Local:            http://localhost:3000/app/
[info] [2024-10-24T11:22:45.726Z] : [react-plugin]:   On Your Network:  http://192.168.31.148:3000/app/
[info] [2024-10-24T11:22:45.727Z] : [react-plugin]: 
[info] [2024-10-24T11:22:45.727Z] : [react-plugin]: Note that the development build is not optimized.
[info] [2024-10-24T11:22:45.727Z] : [react-plugin]: To create a production build, use npm run build.
[info] [2024-10-24T11:22:45.727Z] : [react-plugin]: 
[info] [2024-10-24T11:32:35.375Z] : [react-plugin]: Compiling...
[info] [2024-10-24T11:32:40.962Z] : [react-plugin]: Compiled with warnings.

[info] [2024-10-24T11:32:40.962Z] : [react-plugin]: [eslint] 
src\components\Views\ViewInvoice.jsx
  Line 460:10:  'selectedInvoice' is assigned a value but never used                                                          no-unused-vars
  Line 461:10:  'showModal' is assigned a value but never used                                                                no-unused-vars
  Line 473:6:   React Hook useEffect has a missing dependency: 'fetchData'. Either include it or remove the dependency array  react-hooks/exhaustive-deps
  Line 534:9:   'handleCloseModal' is assigned a value but never used                                                         no-unused-vars
[info] [2024-10-24T11:32:40.963Z] : [react-plugin]: 
Search for the keywords to learn more about each warning.
[info] [2024-10-24T11:32:40.964Z] : [react-plugin]: To ignore, add // eslint-disable-next-line to the line before.

[info] [2024-10-24T11:51:00.434Z] : [react-plugin]: Compiling...
[info] [2024-10-24T11:51:05.010Z] : [react-plugin]: Failed to compile.

[info] [2024-10-24T11:51:05.010Z] : [react-plugin]: [eslint] 
src\components\Views\ViewInvoice.jsx
  Line 669:34:  'toggleInvoiceForm' is not defined  no-undef

Search for the keywords to learn more about each error.
[info] [2024-10-24T11:52:14.620Z] : [react-plugin]: Compiling...
[info] [2024-10-24T11:52:18.534Z] : [react-plugin]: Compiled with warnings.

[info] [2024-10-24T11:52:18.535Z] : [react-plugin]: [eslint] 
src\components\Views\ViewInvoice.jsx
  Line 473:8:  React Hook useEffect has a missing dependency: 'fetchData'. Either include it or remove the dependency array  react-hooks/exhaustive-deps
[info] [2024-10-24T11:52:18.535Z] : [react-plugin]: 
Search for the keywords to learn more about each warning.
[info] [2024-10-24T11:52:18.536Z] : [react-plugin]: To ignore, add // eslint-disable-next-line to the line before.

[info] [2024-10-24T11:54:28.737Z] : [react-plugin]: Compiling...
[info] [2024-10-24T11:54:32.013Z] : [react-plugin]: Compiled with warnings.

[info] [2024-10-24T11:54:32.014Z] : [react-plugin]: [eslint] 
src\components\Views\ViewInvoice.jsx
  Line 473:8:  React Hook useEffect has a missing dependency: 'fetchData'. Either include it or remove the dependency array  react-hooks/exhaustive-deps
[info] [2024-10-24T11:54:32.015Z] : [react-plugin]: 
Search for the keywords to learn more about each warning.
[info] [2024-10-24T11:54:32.015Z] : [react-plugin]: To ignore, add // eslint-disable-next-line to the line before.

[info] [2024-10-24T11:54:32.424Z] : [react-plugin]: Compiling...
[info] [2024-10-24T11:54:34.546Z] : [react-plugin]: Compiled with warnings.

[info] [2024-10-24T11:54:34.547Z] : [react-plugin]: [eslint] 
src\components\Views\ViewInvoice.jsx
  Line 473:8:  React Hook useEffect has a missing dependency: 'fetchData'. Either include it or remove the dependency array  react-hooks/exhaustive-deps
[info] [2024-10-24T11:54:34.547Z] : [react-plugin]: 
Search for the keywords to learn more about each warning.
[info] [2024-10-24T11:54:34.548Z] : [react-plugin]: To ignore, add // eslint-disable-next-line to the line before.

[info] [2024-10-24T11:55:32.801Z] : [react-plugin]: Compiling...
[info] [2024-10-24T11:55:35.896Z] : [react-plugin]: Compiled with warnings.

[info] [2024-10-24T11:55:35.897Z] : [react-plugin]: [eslint] 
src\components\Views\ViewInvoice.jsx
  Line 473:8:  React Hook useEffect has a missing dependency: 'fetchData'. Either include it or remove the dependency array  react-hooks/exhaustive-deps
[info] [2024-10-24T11:55:35.899Z] : [react-plugin]: 
Search for the keywords to learn more about each warning.
[info] [2024-10-24T11:55:35.900Z] : [react-plugin]: To ignore, add // eslint-disable-next-line to the line before.

[info] [2024-10-24T12:00:32.311Z] : [react-plugin]: Compiling...
[info] [2024-10-24T12:00:35.641Z] : [react-plugin]: Failed to compile.

[info] [2024-10-24T12:00:35.641Z] : [react-plugin]: [eslint] 
src\components\Views\ViewInvoice.jsx
  Line 612:22:  'InvoiceModal' is not defined  react/jsx-no-undef

Search for the keywords to learn more about each error.
[info] [2024-10-24T12:00:51.970Z] : [react-plugin]: Compiling...
[info] [2024-10-24T12:00:54.851Z] : [react-plugin]: Compiled with warnings.

[info] [2024-10-24T12:00:54.851Z] : [react-plugin]: [eslint] 
src\components\Views\ViewInvoice.jsx
  Line 473:8:   React Hook useEffect has a missing dependency: 'fetchData'. Either include it or remove the dependency array  react-hooks/exhaustive-deps
  Line 536:11:  'handleCloseModal' is assigned a value but never used                                                         no-unused-vars
[info] [2024-10-24T12:00:54.851Z] : [react-plugin]: 
Search for the keywords to learn more about each warning.
[info] [2024-10-24T12:00:54.852Z] : [react-plugin]: To ignore, add // eslint-disable-next-line to the line before.

[info] [2024-10-24T12:05:52.442Z] : 
change of index.js in waterheater_1_function detected. Preparing your function, please wait...
[info] [2024-10-24T12:05:55.143Z] : i AdvancedIO[waterheater_1_function]: ready!
[info] [2024-10-24T12:05:55.143Z] : i AdvancedIO[waterheater_1_function]: http://localhost:3000/server/waterheater_1_function/
[info] [2024-10-24T12:21:17.704Z] : [react-plugin]: Compiling...
[info] [2024-10-24T12:21:21.507Z] : [react-plugin]: Failed to compile.

[info] [2024-10-24T12:21:21.508Z] : [react-plugin]: SyntaxError: C:\catalyst projects\water heater 2\react-app\src\components\Edit\InvoiceEdit.jsx: Identifier 'invoiceData' has already been declared. (4:22)
  2 | import React, { useEffect, useState } from 'react'
  3 |
> 4 | const InvoiceEdit = ({invoiceData}) => {
    |                       ^
  5 |     const invoiceData = invoiceData
  6 |     const [listOfSpares,setListOfSpares]= useState([])
  7 |     const [scrapData,setScrapData] = useState([])
[info] [2024-10-24T12:22:11.212Z] : [react-plugin]: Compiling...
[info] [2024-10-24T12:22:13.515Z] : [react-plugin]: Failed to compile.

[info] [2024-10-24T12:22:13.517Z] : [react-plugin]: SyntaxError: C:\catalyst projects\water heater 2\react-app\src\components\Edit\InvoiceEdit.jsx: Identifier 'invoiceData' has already been declared. (4:22)
  2 | import React, { useEffect, useState } from 'react'
  3 |
> 4 | const InvoiceEdit = ({invoiceData}) => {
    |                       ^
  5 |     const invoiceData = invoiceData
  6 |     const [listOfSpares,setListOfSpares]= useState([])
  7 |     const [scrapData,setScrapData] = useState([])
[info] [2024-10-24T12:22:40.087Z] : [react-plugin]: Compiling...
[info] [2024-10-24T12:22:43.135Z] : [react-plugin]: Failed to compile.

[info] [2024-10-24T12:22:43.136Z] : [react-plugin]: SyntaxError: C:\catalyst projects\water heater 2\react-app\src\components\Edit\InvoiceEdit.jsx: Identifier 'invoiceData' has already been declared. (4:23)
  2 | import React, { useEffect, useState } from 'react'
  3 |
> 4 | const InvoiceEdit = ({ invoiceData }) => {
    |                        ^
  5 |     const invoiceData = invoiceData
  6 |     const [listOfSpares, setListOfSpares] = useState([])
  7 |     const [scrapData, setScrapData] = useState([])
[info] [2024-10-24T12:23:09.667Z] : [react-plugin]: Compiling...
[info] [2024-10-24T12:23:11.622Z] : [react-plugin]: Failed to compile.

[info] [2024-10-24T12:23:11.623Z] : [react-plugin]: SyntaxError: C:\catalyst projects\water heater 2\react-app\src\components\Edit\InvoiceEdit.jsx: Identifier 'invoiceData' has already been declared. (4:23)
  2 | import React, { useEffect, useState } from 'react'
  3 |
> 4 | const InvoiceEdit = ({ invoiceData }) => {
    |                        ^
  5 |     const invoiceData = invoiceData
  6 |     const [listOfSpares, setListOfSpares] = useState([])
  7 |     const [scrapData, setScrapData] = useState([])
[info] [2024-10-24T12:23:44.251Z] : [react-plugin]: Compiling...
[info] [2024-10-24T12:23:47.395Z] : [react-plugin]: Compiled with warnings.

[info] [2024-10-24T12:23:47.395Z] : [react-plugin]: [eslint] 
src\components\Edit\InvoiceEdit.jsx
  Line 6:12:  'listOfSpares' is assigned a value but never used                                                                                                                                      no-unused-vars
  Line 7:12:  'scrapData' is assigned a value but never used                                                                                                                                         no-unused-vars
  Line 37:8:  React Hook useEffect has missing dependencies: 'invoiceData.ROWID', 'invoiceData.Scrap_SubForm', and 'invoiceData.Spares_SubForm'. Either include them or remove the dependency array  react-hooks/exhaustive-deps

src\components\Views\ViewInvoice.jsx
  Line 473:8:   React Hook useEffect has a missing dependency: 'fetchData'. Either include it or remove the dependency array  react-hooks/exhaustive-deps
  Line 536:11:  'handleCloseModal' is assigned a value but never used                                                         no-unused-vars
[info] [2024-10-24T12:23:47.397Z] : [react-plugin]: 
Search for the keywords to learn more about each warning.
[info] [2024-10-24T12:23:47.399Z] : [react-plugin]: To ignore, add // eslint-disable-next-line to the line before.

[debug] [2024-10-24T12:23:47.931Z] : > refreshing access token <
[debug] [2024-10-24T12:23:47.936Z] : >>>> HTTP REQUEST : POST https://accounts.zoho.com/oauth/v2/token 
<request body omitted>

[debug] [2024-10-24T12:23:50.051Z] : <<<< HTTP RESPONSE : 200
Response Headers: {"server":"ZGS","date":"Thu, 24 Oct 2024 12:23:48 GMT","content-type":"application/json;charset=UTF-8","content-length":"1949","connection":"keep-alive","set-cookie":["zalb_b266a5bf57=9f371135a524e2d1f51eb9f41fa26c60; Path=/; Secure; HttpOnly","iamcsr=fcc30ec2-00e3-4df5-a854-e22d5c6eda55;path=/;SameSite=None;Secure;priority=high","_zcsr_tmp=fcc30ec2-00e3-4df5-a854-e22d5c6eda55;path=/;SameSite=Strict;Secure;priority=high"],"cache-control":"no-store","x-content-type-options":"nosniff","pragma":"no-cache","x-frame-options":"SAMEORIGIN","vary":"accept-encoding","content-language":"en-US","strict-transport-security":"max-age=63072000"}

[info] [2024-10-24T12:24:40.955Z] : [react-plugin]: Compiling...
[info] [2024-10-24T12:24:44.532Z] : [react-plugin]: Compiled with warnings.

[info] [2024-10-24T12:24:44.532Z] : [react-plugin]: [eslint] 
src\components\Edit\InvoiceEdit.jsx
  Line 6:12:  'listOfSpares' is assigned a value but never used                                                                                                                                        no-unused-vars
  Line 7:12:  'scrapData' is assigned a value but never used                                                                                                                                           no-unused-vars
  Line 37:8:  React Hook useEffect has missing dependencies: 'invoiceData.ROWID', 'invoiceData2.Scrap_SubForm', and 'invoiceData2.Spares_SubForm'. Either include them or remove the dependency array  react-hooks/exhaustive-deps

src\components\Views\ViewInvoice.jsx
  Line 473:8:   React Hook useEffect has a missing dependency: 'fetchData'. Either include it or remove the dependency array  react-hooks/exhaustive-deps
  Line 536:11:  'handleCloseModal' is assigned a value but never used                                                         no-unused-vars
[info] [2024-10-24T12:24:44.533Z] : [react-plugin]: 
Search for the keywords to learn more about each warning.
[info] [2024-10-24T12:24:44.534Z] : [react-plugin]: To ignore, add // eslint-disable-next-line to the line before.

[info] [2024-10-24T12:26:05.994Z] : [react-plugin]: Compiling...
[info] [2024-10-24T12:26:08.525Z] : [react-plugin]: Compiled with warnings.

[info] [2024-10-24T12:26:08.526Z] : [react-plugin]: [eslint] 
src\components\Edit\InvoiceEdit.jsx
  Line 7:12:  'listOfSpares' is assigned a value but never used                                                                                                                                        no-unused-vars
  Line 8:12:  'scrapData' is assigned a value but never used                                                                                                                                           no-unused-vars
  Line 38:8:  React Hook useEffect has missing dependencies: 'invoiceData.ROWID', 'invoiceData2.Scrap_SubForm', and 'invoiceData2.Spares_SubForm'. Either include them or remove the dependency array  react-hooks/exhaustive-deps

src\components\Views\ViewInvoice.jsx
  Line 473:8:   React Hook useEffect has a missing dependency: 'fetchData'. Either include it or remove the dependency array  react-hooks/exhaustive-deps
  Line 536:11:  'handleCloseModal' is assigned a value but never used                                                         no-unused-vars
[info] [2024-10-24T12:26:08.526Z] : [react-plugin]: 
Search for the keywords to learn more about each warning.
[info] [2024-10-24T12:26:08.536Z] : [react-plugin]: To ignore, add // eslint-disable-next-line to the line before.

[info] [2024-10-24T12:27:34.963Z] : [react-plugin]: Compiling...
[info] [2024-10-24T12:27:38.111Z] : [react-plugin]: Compiled with warnings.

[info] [2024-10-24T12:27:38.111Z] : [react-plugin]: [eslint] 
src\components\Edit\InvoiceEdit.jsx
  Line 7:12:  'listOfSpares' is assigned a value but never used                                                                                                                                        no-unused-vars
  Line 8:12:  'scrapData' is assigned a value but never used                                                                                                                                           no-unused-vars
  Line 38:8:  React Hook useEffect has missing dependencies: 'invoiceData.ROWID', 'invoiceData2.Scrap_SubForm', and 'invoiceData2.Spares_SubForm'. Either include them or remove the dependency array  react-hooks/exhaustive-deps

src\components\Views\ViewInvoice.jsx
  Line 473:8:   React Hook useEffect has a missing dependency: 'fetchData'. Either include it or remove the dependency array  react-hooks/exhaustive-deps
  Line 536:11:  'handleCloseModal' is assigned a value but never used                                                         no-unused-vars
[info] [2024-10-24T12:27:38.113Z] : [react-plugin]: 
Search for the keywords to learn more about each warning.
[info] [2024-10-24T12:27:38.114Z] : [react-plugin]: To ignore, add // eslint-disable-next-line to the line before.

[info] [2024-10-24T12:41:28.493Z] : [react-plugin]: Compiling...
[info] [2024-10-24T12:41:31.953Z] : [react-plugin]: Failed to compile.

[info] [2024-10-24T12:41:31.954Z] : [react-plugin]: Module not found: Error: Can't resolve '@/components/ui/card' in 'C:\catalyst projects\water heater 2\react-app\src\components\Edit'
[info] [2024-10-24T12:42:33.832Z] : [react-plugin]: Compiling...
[info] [2024-10-24T12:42:38.780Z] : [react-plugin]: Failed to compile.

[info] [2024-10-24T12:42:38.781Z] : [react-plugin]: Module not found: Error: Can't resolve 'date-fns' in 'C:\catalyst projects\water heater 2\react-app\src\components\Edit'
[info] [2024-10-24T12:43:36.183Z] : Shutting down server
[info] [2024-10-24T12:43:36.609Z] : 
[info] [2024-10-24T12:43:36.610Z] : √ Shutdown complete
[debug] [2024-10-24T12:43:36.611Z] : NO ERRORS REGISTERED
[debug] [2024-10-24T12:43:36.612Z] : EXEC ENDED with event: serve, message: success
[debug] [2024-10-24T12:43:36.612Z] : TOTAL DURATION OF COMMAND EXEC : 4869779
[debug] [2024-10-24T12:43:36.651Z] : >>>> HTTP REQUEST : POST https://api.catalyst.zoho.com/baas/v1/cli/logs 
<request body omitted>

[debug] [2024-10-24T12:43:40.388Z] : <<<< HTTP RESPONSE : 400
Response Headers: {"server":"ZGS","date":"Thu, 24 Oct 2024 12:43:39 GMT","content-type":"application/json;charset=ISO-8859-1","content-length":"147","connection":"keep-alive","set-cookie":["zalb_46512fd555=bbdfb771565421abbe10f7a180903d28; Path=/; Secure; HttpOnly","ZD_CSRF_TOKEN=40e62de2-7d9b-4692-81b7-fa6ffc35b741;path=/;SameSite=None;Secure;priority=high","_zcsr_tmp=40e62de2-7d9b-4692-81b7-fa6ffc35b741;path=/;SameSite=Strict;Secure;priority=high","JSESSIONID=5AB1FF9BFC82E496463A754DA1124C89; Path=/; Secure; HttpOnly"],"x-content-type-options":"nosniff","x-xss-protection":"1","x-frame-options":"DENY","strict-transport-security":"max-age=63072000"}

[debug] [2024-10-24T12:43:40.392Z] : Response Body : {"status":"failure","data":{"error_code":"INPUT_SIZE_MORE_THAN_ALLOWED","message":"Please check if the size of the input is in the correct range"}}

[debug] [2024-10-24T12:43:40.397Z] : Unable to send debug log to server: HTTP Error: 400, Please check if the size of the input is in the correct range
[debug] [2024-10-24T12:45:01.593Z] : 
[debug] [2024-10-24T12:45:01.597Z] : ----------------------------------------------------------------------
[debug] [2024-10-24T12:45:01.597Z] : Command:      C:\Program Files\nodejs\node.exe C:\Users\91950\AppData\Roaming\npm\node_modules\zcatalyst-cli\lib\bin\catalyst.js serve
[debug] [2024-10-24T12:45:01.598Z] : CLI Version:  1.17.6
[debug] [2024-10-24T12:45:01.598Z] : Platform:     win32
[debug] [2024-10-24T12:45:01.599Z] : Node Version: v20.14.0
[debug] [2024-10-24T12:45:01.599Z] : Time:         Thu Oct 24 2024 18:15:01 GMT+0530 (India Standard Time)
[debug] [2024-10-24T12:45:01.599Z] : ----------------------------------------------------------------------
[debug] [2024-10-24T12:45:01.599Z] : 
[debug] [2024-10-24T12:45:03.198Z] : > authorizing via signed-in user option
[debug] [2024-10-24T12:45:03.199Z] : > command requires scopes: ["ZohoCatalyst.projects.ALL","ZohoCatalyst.functions.ALL","ZohoCatalyst.functions.EXECUTE","ZohoCatalyst.webapp.ALL","ZohoCatalyst.pdfshot.execute","ZohoCatalyst.authentication.CREATE"]
[debug] [2024-10-24T12:45:03.223Z] : >>>> HTTP REQUEST : GET https://api.catalyst.zoho.com/baas/v1/project/15205000000147040 

[debug] [2024-10-24T12:45:04.550Z] : <<<< HTTP RESPONSE : 200
Response Headers: {"server":"ZGS","date":"Thu, 24 Oct 2024 12:45:03 GMT","content-type":"application/vnd.catalyst.v2+json","transfer-encoding":"chunked","connection":"keep-alive","set-cookie":["zalb_46512fd555=bbdfb771565421abbe10f7a180903d28; Path=/; Secure; HttpOnly","ZD_CSRF_TOKEN=156265e0-8f1a-4156-aea5-61fbb4fd504d;path=/;SameSite=None;Secure;priority=high","_zcsr_tmp=156265e0-8f1a-4156-aea5-61fbb4fd504d;path=/;SameSite=Strict;Secure;priority=high"],"x-content-type-options":"nosniff","x-xss-protection":"1","cache-control":"private,no-cache,no-store,max-age=0,must-revalidate","pragma":"no-cache","expires":"Thu, 01 Jan 1970 00:00:00 GMT","x-frame-options":"DENY","strict-transport-security":"max-age=63072000"}

[debug] [2024-10-24T12:45:04.556Z] : >>>> HTTP REQUEST : GET https://api.catalyst.zoho.com/baas/v1/project/15205000000147040/environment 

[debug] [2024-10-24T12:45:05.062Z] : <<<< HTTP RESPONSE : 200
Response Headers: {"server":"ZGS","date":"Thu, 24 Oct 2024 12:45:04 GMT","content-type":"application/vnd.catalyst.v2+json","transfer-encoding":"chunked","connection":"keep-alive","set-cookie":["zalb_46512fd555=bbdfb771565421abbe10f7a180903d28; Path=/; Secure; HttpOnly","ZD_CSRF_TOKEN=7a60f420-3769-474b-b1e5-e5391d20dabb;path=/;SameSite=None;Secure;priority=high","_zcsr_tmp=7a60f420-3769-474b-b1e5-e5391d20dabb;path=/;SameSite=Strict;Secure;priority=high"],"x-content-type-options":"nosniff","x-xss-protection":"1","cache-control":"private,no-cache,no-store,max-age=0,must-revalidate","pragma":"no-cache","expires":"Thu, 01 Jan 1970 00:00:00 GMT","x-frame-options":"DENY","strict-transport-security":"max-age=63072000"}

[debug] [2024-10-24T12:45:05.636Z] : >>>> HTTP REQUEST : GET https://api.catalyst.zoho.com/baas/v1/project/15205000000147040/function 
Query params: {"type":"basicio,event,cron,applogic,integration,browser_logic"}

[debug] [2024-10-24T12:45:06.101Z] : <<<< HTTP RESPONSE : 200
Response Headers: {"server":"ZGS","date":"Thu, 24 Oct 2024 12:45:05 GMT","content-type":"application/vnd.catalyst.v2+json","transfer-encoding":"chunked","connection":"keep-alive","set-cookie":["zalb_46512fd555=4ead9897700827f973c0f7dbded7f673; Path=/; Secure; HttpOnly","ZD_CSRF_TOKEN=ac98751e-d088-45f0-8371-43991026483f;path=/;SameSite=None;Secure;priority=high","_zcsr_tmp=ac98751e-d088-45f0-8371-43991026483f;path=/;SameSite=Strict;Secure;priority=high"],"x-content-type-options":"nosniff","x-xss-protection":"1","cache-control":"private,no-cache,no-store,max-age=0,must-revalidate","pragma":"no-cache","expires":"Thu, 01 Jan 1970 00:00:00 GMT","x-frame-options":"DENY","strict-transport-security":"max-age=63072000"}

[debug] [2024-10-24T12:45:06.105Z] : unknown eol undefined hence skipping check
[debug] [2024-10-24T12:45:06.105Z] : unknown eol undefined hence skipping check
[debug] [2024-10-24T12:45:06.106Z] : unknown eol undefined hence skipping check
[warn] [2024-10-24T12:45:08.618Z] : ‼ skipping serve of function [cron] since invalid function type. Only basicio,advancedio,browser_logic are supported.
[info] [2024-10-24T12:45:12.556Z] : [react-plugin]: Starting the development server...

[info] [2024-10-24T12:45:12.558Z] : 
[info] [2024-10-24T12:45:12.558Z] : i Client[react-app]: Plugin : "zcatalyst-cli-plugin-react" is used for client serve
[info] [2024-10-24T12:45:12.559Z] : 
[info] [2024-10-24T12:45:14.508Z] : 
[info] [2024-10-24T12:45:14.509Z] :  >>>>>>>>>>>>>> BasicIO <<<<<<<<<<<<<< 
[info] [2024-10-24T12:45:14.510Z] : i authbasicio: http://localhost:3000/server/authbasicio/execute
[info] [2024-10-24T12:45:14.510Z] : 
[info] [2024-10-24T12:45:14.510Z] : 
[info] [2024-10-24T12:45:14.510Z] :  >>>>>>>>>>>>> AdvancedIO <<<<<<<<<<<< 
[info] [2024-10-24T12:45:14.511Z] : i waterheater_1_function: http://localhost:3000/server/waterheater_1_function/
[info] [2024-10-24T12:45:14.511Z] : 
[info] [2024-10-24T12:45:14.512Z] : 
[info] [2024-10-24T12:45:14.512Z] :  >>>>>>>>>>>>> Web Client <<<<<<<<<<<<
[info] [2024-10-24T12:45:14.512Z] : i client[react-app]: http://localhost:3000/app/
[info] [2024-10-24T12:45:14.513Z] : 
[info] [2024-10-24T12:45:30.750Z] : [react-plugin]: Compiled with warnings.

[info] [2024-10-24T12:45:30.751Z] : [react-plugin]: [eslint] 
src\components\Forms\DispatchInvoice.jsx
  Line 652:38:  'useRef' is defined but never used                                                                            no-unused-vars
  Line 652:46:  'useCallback' is defined but never used                                                                       no-unused-vars
  Line 665:25:  'setTicketRowId' is assigned a value but never used                                                           no-unused-vars
  Line 681:21:  'setLoading' is assigned a value but never used                                                               no-unused-vars
  Line 712:8:   React Hook useEffect has a missing dependency: 'roleEmail'. Either include it or remove the dependency array  react-hooks/exhaustive-deps
  Line 785:19:  'availableQuantity' is assigned a value but never used                                                        no-unused-vars
  Line 835:11:  'dataURLtoBlob' is assigned a value but never used                                                            no-unused-vars
  Line 923:48:  Expected '===' and instead saw '=='                                                                           eqeqeq
  Line 924:52:  Expected '===' and instead saw '=='                                                                           eqeqeq
[info] [2024-10-24T12:45:30.751Z] : [react-plugin]: 
Search for the keywords to learn more about each warning.
[info] [2024-10-24T12:45:30.752Z] : [react-plugin]: To ignore, add // eslint-disable-next-line to the line before.

[info] [2024-10-24T12:48:25.763Z] : [react-plugin]: Compiling...
[info] [2024-10-24T12:48:29.956Z] : [react-plugin]: Compiled with warnings.

[info] [2024-10-24T12:48:29.958Z] : [react-plugin]: [eslint] 
src\components\Edit\InvoiceEdit.jsx
  Line 93:8:  React Hook useEffect has a missing dependency: 'invoiceData.ROWID'. Either include it or remove the dependency array  react-hooks/exhaustive-deps

src\components\Forms\DispatchInvoice.jsx
  Line 652:38:  'useRef' is defined but never used                                                                            no-unused-vars
  Line 652:46:  'useCallback' is defined but never used                                                                       no-unused-vars
  Line 665:25:  'setTicketRowId' is assigned a value but never used                                                           no-unused-vars
  Line 681:21:  'setLoading' is assigned a value but never used                                                               no-unused-vars
  Line 712:8:   React Hook useEffect has a missing dependency: 'roleEmail'. Either include it or remove the dependency array  react-hooks/exhaustive-deps
  Line 785:19:  'availableQuantity' is assigned a value but never used                                                        no-unused-vars
  Line 835:11:  'dataURLtoBlob' is assigned a value but never used                                                            no-unused-vars
  Line 923:48:  Expected '===' and instead saw '=='                                                                           eqeqeq
  Line 924:52:  Expected '===' and instead saw '=='                                                                           eqeqeq
[info] [2024-10-24T12:48:29.960Z] : [react-plugin]: 
Search for the keywords to learn more about each warning.
[info] [2024-10-24T12:48:29.961Z] : [react-plugin]: To ignore, add // eslint-disable-next-line to the line before.

[info] [2024-10-24T12:51:40.952Z] : [react-plugin]: Compiling...
[info] [2024-10-24T12:51:44.881Z] : [react-plugin]: Compiled with warnings.

[info] [2024-10-24T12:51:44.883Z] : [react-plugin]: [eslint] 
src\components\Edit\InvoiceEdit.jsx
  Line 95:8:  React Hook useEffect has missing dependencies: 'invoiceData.ROWID', 'invoiceData2.Scrap_SubForm', and 'invoiceData2.Spares_SubForm'. Either include them or remove the dependency array  react-hooks/exhaustive-deps

src\components\Forms\DispatchInvoice.jsx
  Line 652:38:  'useRef' is defined but never used                                                                            no-unused-vars
  Line 652:46:  'useCallback' is defined but never used                                                                       no-unused-vars
  Line 665:25:  'setTicketRowId' is assigned a value but never used                                                           no-unused-vars
  Line 681:21:  'setLoading' is assigned a value but never used                                                               no-unused-vars
  Line 712:8:   React Hook useEffect has a missing dependency: 'roleEmail'. Either include it or remove the dependency array  react-hooks/exhaustive-deps
  Line 785:19:  'availableQuantity' is assigned a value but never used                                                        no-unused-vars
  Line 835:11:  'dataURLtoBlob' is assigned a value but never used                                                            no-unused-vars
  Line 923:48:  Expected '===' and instead saw '=='                                                                           eqeqeq
  Line 924:52:  Expected '===' and instead saw '=='                                                                           eqeqeq
[info] [2024-10-24T12:51:44.884Z] : [react-plugin]: 
Search for the keywords to learn more about each warning.
[info] [2024-10-24T12:51:44.886Z] : [react-plugin]: To ignore, add // eslint-disable-next-line to the line before.

[info] [2024-10-24T12:56:12.166Z] : [react-plugin]: Compiling...
[info] [2024-10-24T12:56:16.160Z] : [react-plugin]: Compiled with warnings.

[info] [2024-10-24T12:56:16.161Z] : [react-plugin]: [eslint] 
src\components\Edit\InvoiceEdit.jsx
  Line 95:8:  React Hook useEffect has missing dependencies: 'invoiceData.ROWID', 'invoiceData2.Scrap_SubForm', and 'invoiceData2.Spares_SubForm'. Either include them or remove the dependency array  react-hooks/exhaustive-deps

src\components\Forms\DispatchInvoice.jsx
  Line 652:38:  'useRef' is defined but never used                                                                            no-unused-vars
  Line 652:46:  'useCallback' is defined but never used                                                                       no-unused-vars
  Line 665:25:  'setTicketRowId' is assigned a value but never used                                                           no-unused-vars
  Line 681:21:  'setLoading' is assigned a value but never used                                                               no-unused-vars
  Line 712:8:   React Hook useEffect has a missing dependency: 'roleEmail'. Either include it or remove the dependency array  react-hooks/exhaustive-deps
  Line 785:19:  'availableQuantity' is assigned a value but never used                                                        no-unused-vars
  Line 835:11:  'dataURLtoBlob' is assigned a value but never used                                                            no-unused-vars
  Line 923:48:  Expected '===' and instead saw '=='                                                                           eqeqeq
  Line 924:52:  Expected '===' and instead saw '=='                                                                           eqeqeq
[info] [2024-10-24T12:56:16.163Z] : [react-plugin]: 
Search for the keywords to learn more about each warning.
[info] [2024-10-24T12:56:16.164Z] : [react-plugin]: To ignore, add // eslint-disable-next-line to the line before.

[info] [2024-10-24T13:03:21.841Z] : [react-plugin]: Compiling...
[info] [2024-10-24T13:03:25.085Z] : [react-plugin]: Compiled with warnings.

[info] [2024-10-24T13:03:25.086Z] : [react-plugin]: [eslint] 
src\components\Edit\InvoiceEdit.jsx
  Line 95:8:  React Hook useEffect has missing dependencies: 'invoiceData.ROWID', 'invoiceData2.Scrap_SubForm', and 'invoiceData2.Spares_SubForm'. Either include them or remove the dependency array  react-hooks/exhaustive-deps

src\components\Forms\DispatchInvoice.jsx
  Line 652:38:  'useRef' is defined but never used                                                                            no-unused-vars
  Line 652:46:  'useCallback' is defined but never used                                                                       no-unused-vars
  Line 665:25:  'setTicketRowId' is assigned a value but never used                                                           no-unused-vars
  Line 681:21:  'setLoading' is assigned a value but never used                                                               no-unused-vars
  Line 712:8:   React Hook useEffect has a missing dependency: 'roleEmail'. Either include it or remove the dependency array  react-hooks/exhaustive-deps
  Line 785:19:  'availableQuantity' is assigned a value but never used                                                        no-unused-vars
  Line 835:11:  'dataURLtoBlob' is assigned a value but never used                                                            no-unused-vars
  Line 923:48:  Expected '===' and instead saw '=='                                                                           eqeqeq
  Line 924:52:  Expected '===' and instead saw '=='                                                                           eqeqeq
[info] [2024-10-24T13:03:25.088Z] : [react-plugin]: 
Search for the keywords to learn more about each warning.
[info] [2024-10-24T13:03:25.089Z] : [react-plugin]: To ignore, add // eslint-disable-next-line to the line before.

[info] [2024-10-24T13:08:18.967Z] : [react-plugin]: Compiling...
[info] [2024-10-24T13:08:23.172Z] : [react-plugin]: Failed to compile.

[info] [2024-10-24T13:08:23.173Z] : [react-plugin]: [eslint] 
src\components\Edit\InvoiceEdit.jsx
  Line 189:72:  'handleImageView' is not defined  no-undef

Search for the keywords to learn more about each error.
[info] [2024-10-24T13:08:38.653Z] : [react-plugin]: Compiling...
[info] [2024-10-24T13:08:41.369Z] : [react-plugin]: Compiled with warnings.

[info] [2024-10-24T13:08:41.371Z] : [react-plugin]: [eslint] 
src\components\Edit\InvoiceEdit.jsx
  Line 66:12:  'loading' is assigned a value but never used                                                                                                                                             no-unused-vars
  Line 66:20:  'setLoading' is assigned a value but never used                                                                                                                                          no-unused-vars
  Line 96:8:   React Hook useEffect has missing dependencies: 'invoiceData.ROWID', 'invoiceData2.Scrap_SubForm', and 'invoiceData2.Spares_SubForm'. Either include them or remove the dependency array  react-hooks/exhaustive-deps

src\components\Forms\DispatchInvoice.jsx
  Line 652:38:  'useRef' is defined but never used                                                                            no-unused-vars
  Line 652:46:  'useCallback' is defined but never used                                                                       no-unused-vars
  Line 665:25:  'setTicketRowId' is assigned a value but never used                                                           no-unused-vars
  Line 681:21:  'setLoading' is assigned a value but never used                                                               no-unused-vars
  Line 712:8:   React Hook useEffect has a missing dependency: 'roleEmail'. Either include it or remove the dependency array  react-hooks/exhaustive-deps
  Line 785:19:  'availableQuantity' is assigned a value but never used                                                        no-unused-vars
  Line 835:11:  'dataURLtoBlob' is assigned a value but never used                                                            no-unused-vars
  Line 923:48:  Expected '===' and instead saw '=='                                                                           eqeqeq
  Line 924:52:  Expected '===' and instead saw '=='                                                                           eqeqeq
[info] [2024-10-24T13:08:41.372Z] : [react-plugin]: 
Search for the keywords to learn more about each warning.
[info] [2024-10-24T13:08:41.373Z] : [react-plugin]: To ignore, add // eslint-disable-next-line to the line before.

[info] [2024-10-24T13:09:03.560Z] : [react-plugin]: Compiling...
[info] [2024-10-24T13:09:06.328Z] : [react-plugin]: Compiled with warnings.

[info] [2024-10-24T13:09:06.330Z] : [react-plugin]: [eslint] 
src\components\Edit\InvoiceEdit.jsx
  Line 66:12:  'loading' is assigned a value but never used                                                                                                                                             no-unused-vars
  Line 66:20:  'setLoading' is assigned a value but never used                                                                                                                                          no-unused-vars
  Line 96:8:   React Hook useEffect has missing dependencies: 'invoiceData.ROWID', 'invoiceData2.Scrap_SubForm', and 'invoiceData2.Spares_SubForm'. Either include them or remove the dependency array  react-hooks/exhaustive-deps

src\components\Forms\DispatchInvoice.jsx
  Line 652:38:  'useRef' is defined but never used                                                                            no-unused-vars
  Line 652:46:  'useCallback' is defined but never used                                                                       no-unused-vars
  Line 665:25:  'setTicketRowId' is assigned a value but never used                                                           no-unused-vars
  Line 681:21:  'setLoading' is assigned a value but never used                                                               no-unused-vars
  Line 712:8:   React Hook useEffect has a missing dependency: 'roleEmail'. Either include it or remove the dependency array  react-hooks/exhaustive-deps
  Line 785:19:  'availableQuantity' is assigned a value but never used                                                        no-unused-vars
  Line 835:11:  'dataURLtoBlob' is assigned a value but never used                                                            no-unused-vars
  Line 923:48:  Expected '===' and instead saw '=='                                                                           eqeqeq
  Line 924:52:  Expected '===' and instead saw '=='                                                                           eqeqeq
[info] [2024-10-24T13:09:06.331Z] : [react-plugin]: 
Search for the keywords to learn more about each warning.
[info] [2024-10-24T13:09:06.333Z] : [react-plugin]: To ignore, add // eslint-disable-next-line to the line before.

[info] [2024-10-24T13:09:17.770Z] : [react-plugin]: Compiling...
[info] [2024-10-24T13:09:20.478Z] : [react-plugin]: Compiled with warnings.

[info] [2024-10-24T13:09:20.480Z] : [react-plugin]: [eslint] 
src\components\Edit\InvoiceEdit.jsx
  Line 66:12:  'loading' is assigned a value but never used                                                                                                                                             no-unused-vars
  Line 66:20:  'setLoading' is assigned a value but never used                                                                                                                                          no-unused-vars
  Line 96:8:   React Hook useEffect has missing dependencies: 'invoiceData.ROWID', 'invoiceData2.Scrap_SubForm', and 'invoiceData2.Spares_SubForm'. Either include them or remove the dependency array  react-hooks/exhaustive-deps

src\components\Forms\DispatchInvoice.jsx
  Line 652:38:  'useRef' is defined but never used                                                                            no-unused-vars
  Line 652:46:  'useCallback' is defined but never used                                                                       no-unused-vars
  Line 665:25:  'setTicketRowId' is assigned a value but never used                                                           no-unused-vars
  Line 681:21:  'setLoading' is assigned a value but never used                                                               no-unused-vars
  Line 712:8:   React Hook useEffect has a missing dependency: 'roleEmail'. Either include it or remove the dependency array  react-hooks/exhaustive-deps
  Line 785:19:  'availableQuantity' is assigned a value but never used                                                        no-unused-vars
  Line 835:11:  'dataURLtoBlob' is assigned a value but never used                                                            no-unused-vars
  Line 923:48:  Expected '===' and instead saw '=='                                                                           eqeqeq
  Line 924:52:  Expected '===' and instead saw '=='                                                                           eqeqeq
[info] [2024-10-24T13:09:20.483Z] : [react-plugin]: 
Search for the keywords to learn more about each warning.
[info] [2024-10-24T13:09:20.483Z] : [react-plugin]: To ignore, add // eslint-disable-next-line to the line before.

[info] [2024-10-24T13:09:51.607Z] : [react-plugin]: Compiling...
[info] [2024-10-24T13:09:54.318Z] : [react-plugin]: Compiled with warnings.

[info] [2024-10-24T13:09:54.321Z] : [react-plugin]: [eslint] 
src\components\Edit\InvoiceEdit.jsx
  Line 66:12:  'loading' is assigned a value but never used                                                                                                                                             no-unused-vars
  Line 66:20:  'setLoading' is assigned a value but never used                                                                                                                                          no-unused-vars
  Line 96:8:   React Hook useEffect has missing dependencies: 'invoiceData.ROWID', 'invoiceData2.Scrap_SubForm', and 'invoiceData2.Spares_SubForm'. Either include them or remove the dependency array  react-hooks/exhaustive-deps

src\components\Forms\DispatchInvoice.jsx
  Line 652:38:  'useRef' is defined but never used                                                                            no-unused-vars
  Line 652:46:  'useCallback' is defined but never used                                                                       no-unused-vars
  Line 665:25:  'setTicketRowId' is assigned a value but never used                                                           no-unused-vars
  Line 681:21:  'setLoading' is assigned a value but never used                                                               no-unused-vars
  Line 712:8:   React Hook useEffect has a missing dependency: 'roleEmail'. Either include it or remove the dependency array  react-hooks/exhaustive-deps
  Line 785:19:  'availableQuantity' is assigned a value but never used                                                        no-unused-vars
  Line 835:11:  'dataURLtoBlob' is assigned a value but never used                                                            no-unused-vars
  Line 923:48:  Expected '===' and instead saw '=='                                                                           eqeqeq
  Line 924:52:  Expected '===' and instead saw '=='                                                                           eqeqeq
[info] [2024-10-24T13:09:54.322Z] : [react-plugin]: 
Search for the keywords to learn more about each warning.
[info] [2024-10-24T13:09:54.324Z] : [react-plugin]: To ignore, add // eslint-disable-next-line to the line before.

[info] [2024-10-24T13:10:44.166Z] : [react-plugin]: Compiling...
[info] [2024-10-24T13:10:47.058Z] : [react-plugin]: Compiled with warnings.

[info] [2024-10-24T13:10:47.064Z] : [react-plugin]: [eslint] 
src\components\Edit\InvoiceEdit.jsx
  Line 66:12:  'loading' is assigned a value but never used                                                                                                                                             no-unused-vars
  Line 66:20:  'setLoading' is assigned a value but never used                                                                                                                                          no-unused-vars
  Line 96:8:   React Hook useEffect has missing dependencies: 'invoiceData.ROWID', 'invoiceData2.Scrap_SubForm', and 'invoiceData2.Spares_SubForm'. Either include them or remove the dependency array  react-hooks/exhaustive-deps

src\components\Forms\DispatchInvoice.jsx
  Line 652:38:  'useRef' is defined but never used                                                                            no-unused-vars
  Line 652:46:  'useCallback' is defined but never used                                                                       no-unused-vars
  Line 665:25:  'setTicketRowId' is assigned a value but never used                                                           no-unused-vars
  Line 681:21:  'setLoading' is assigned a value but never used                                                               no-unused-vars
  Line 712:8:   React Hook useEffect has a missing dependency: 'roleEmail'. Either include it or remove the dependency array  react-hooks/exhaustive-deps
  Line 785:19:  'availableQuantity' is assigned a value but never used                                                        no-unused-vars
  Line 835:11:  'dataURLtoBlob' is assigned a value but never used                                                            no-unused-vars
  Line 923:48:  Expected '===' and instead saw '=='                                                                           eqeqeq
  Line 924:52:  Expected '===' and instead saw '=='                                                                           eqeqeq
[info] [2024-10-24T13:10:47.065Z] : [react-plugin]: 
Search for the keywords to learn more about each warning.
[info] [2024-10-24T13:10:47.067Z] : [react-plugin]: To ignore, add // eslint-disable-next-line to the line before.

[info] [2024-10-24T13:18:34.769Z] : [react-plugin]: Compiling...
[info] [2024-10-24T13:18:38.653Z] : [react-plugin]: Failed to compile.

[info] [2024-10-24T13:18:38.657Z] : [react-plugin]: [eslint] 
src\components\Edit\InvoiceEdit.jsx
  Line 105:13:  'Swal' is not defined          no-undef
  Line 134:14:  'Modal' is not defined         react/jsx-no-undef
  Line 135:18:  'Modal' is not defined         react/jsx-no-undef
  Line 136:22:  'Modal' is not defined         react/jsx-no-undef
  Line 138:18:  'Modal' is not defined         react/jsx-no-undef
  Line 139:22:  'imageLoading' is not defined  no-undef
  Line 141:30:  'HashLoader' is not defined    react/jsx-no-undef
  Line 147:18:  'Modal' is not defined         react/jsx-no-undef

Search for the keywords to learn more about each error.
[info] [2024-10-24T13:20:27.810Z] : [react-plugin]: Compiling...
[info] [2024-10-24T13:20:31.621Z] : [react-plugin]: Compiled with warnings.

[info] [2024-10-24T13:20:31.624Z] : [react-plugin]: [eslint] 
src\components\Edit\InvoiceEdit.jsx
  Line 99:8:    React Hook useEffect has missing dependencies: 'invoiceData.ROWID', 'invoiceData2.Scrap_SubForm', and 'invoiceData2.Spares_SubForm'. Either include them or remove the dependency array          react-hooks/exhaustive-deps
  Line 141:25:  Redundant alt attribute. Screen-readers already announce `img` tags as an image. You don’t need to use the words `image`, `photo,` or `picture` (or any specified custom words) in the alt prop  jsx-a11y/img-redundant-alt

src\components\Forms\DispatchInvoice.jsx
  Line 652:38:  'useRef' is defined but never used                                                                            no-unused-vars
  Line 652:46:  'useCallback' is defined but never used                                                                       no-unused-vars
  Line 665:25:  'setTicketRowId' is assigned a value but never used                                                           no-unused-vars
  Line 681:21:  'setLoading' is assigned a value but never used                                                               no-unused-vars
  Line 712:8:   React Hook useEffect has a missing dependency: 'roleEmail'. Either include it or remove the dependency array  react-hooks/exhaustive-deps
  Line 785:19:  'availableQuantity' is assigned a value but never used                                                        no-unused-vars
  Line 835:11:  'dataURLtoBlob' is assigned a value but never used                                                            no-unused-vars
  Line 923:48:  Expected '===' and instead saw '=='                                                                           eqeqeq
  Line 924:52:  Expected '===' and instead saw '=='                                                                           eqeqeq
[info] [2024-10-24T13:20:31.626Z] : [react-plugin]: 
Search for the keywords to learn more about each warning.
[info] [2024-10-24T13:20:31.627Z] : [react-plugin]: To ignore, add // eslint-disable-next-line to the line before.

[info] [2024-10-24T13:26:51.267Z] : [react-plugin]: Compiling...
[info] [2024-10-24T13:26:55.160Z] : [react-plugin]: Compiled with warnings.

[info] [2024-10-24T13:26:55.162Z] : [react-plugin]: [eslint] 
src\components\Edit\InvoiceEdit.jsx
  Line 99:8:    React Hook useEffect has missing dependencies: 'invoiceData.ROWID', 'invoiceData2.Scrap_SubForm', and 'invoiceData2.Spares_SubForm'. Either include them or remove the dependency array          react-hooks/exhaustive-deps
  Line 141:21:  Redundant alt attribute. Screen-readers already announce `img` tags as an image. You don’t need to use the words `image`, `photo,` or `picture` (or any specified custom words) in the alt prop  jsx-a11y/img-redundant-alt

src\components\Forms\DispatchInvoice.jsx
  Line 652:38:  'useRef' is defined but never used                                                                            no-unused-vars
  Line 652:46:  'useCallback' is defined but never used                                                                       no-unused-vars
  Line 665:25:  'setTicketRowId' is assigned a value but never used                                                           no-unused-vars
  Line 681:21:  'setLoading' is assigned a value but never used                                                               no-unused-vars
  Line 712:8:   React Hook useEffect has a missing dependency: 'roleEmail'. Either include it or remove the dependency array  react-hooks/exhaustive-deps
  Line 785:19:  'availableQuantity' is assigned a value but never used                                                        no-unused-vars
  Line 835:11:  'dataURLtoBlob' is assigned a value but never used                                                            no-unused-vars
  Line 923:48:  Expected '===' and instead saw '=='                                                                           eqeqeq
  Line 924:52:  Expected '===' and instead saw '=='                                                                           eqeqeq
[info] [2024-10-24T13:26:55.162Z] : [react-plugin]: 
Search for the keywords to learn more about each warning.
[info] [2024-10-24T13:26:55.163Z] : [react-plugin]: To ignore, add // eslint-disable-next-line to the line before.

[debug] [2024-10-24T13:26:55.671Z] : > refreshing access token <
[debug] [2024-10-24T13:26:55.675Z] : >>>> HTTP REQUEST : POST https://accounts.zoho.com/oauth/v2/token 
<request body omitted>

[debug] [2024-10-24T13:26:56.767Z] : <<<< HTTP RESPONSE : 200
Response Headers: {"server":"ZGS","date":"Thu, 24 Oct 2024 13:26:55 GMT","content-type":"application/json;charset=UTF-8","content-length":"1949","connection":"keep-alive","set-cookie":["zalb_b266a5bf57=9f371135a524e2d1f51eb9f41fa26c60; Path=/; Secure; HttpOnly","iamcsr=8e9c718f-f0ac-4c2e-9ae1-df1eafe25741;path=/;SameSite=None;Secure;priority=high","_zcsr_tmp=8e9c718f-f0ac-4c2e-9ae1-df1eafe25741;path=/;SameSite=Strict;Secure;priority=high"],"cache-control":"no-store","x-content-type-options":"nosniff","pragma":"no-cache","x-frame-options":"SAMEORIGIN","vary":"accept-encoding","content-language":"en-US","strict-transport-security":"max-age=63072000"}

[info] [2024-10-24T13:30:49.032Z] : [react-plugin]: Compiling...
[info] [2024-10-24T13:30:52.278Z] : [react-plugin]: Compiled with warnings.

[info] [2024-10-24T13:30:52.281Z] : [react-plugin]: [eslint] 
src\components\Edit\InvoiceEdit.jsx
  Line 67:12:   'loading' is assigned a value but never used                                                                                                                                                     no-unused-vars
  Line 67:21:   'setLoading' is assigned a value but never used                                                                                                                                                  no-unused-vars
  Line 99:8:    React Hook useEffect has missing dependencies: 'invoiceData.ROWID', 'invoiceData2.Scrap_SubForm', and 'invoiceData2.Spares_SubForm'. Either include them or remove the dependency array          react-hooks/exhaustive-deps
  Line 141:21:  Redundant alt attribute. Screen-readers already announce `img` tags as an image. You don’t need to use the words `image`, `photo,` or `picture` (or any specified custom words) in the alt prop  jsx-a11y/img-redundant-alt

src\components\Forms\DispatchInvoice.jsx
  Line 652:38:  'useRef' is defined but never used                                                                            no-unused-vars
  Line 652:46:  'useCallback' is defined but never used                                                                       no-unused-vars
  Line 665:25:  'setTicketRowId' is assigned a value but never used                                                           no-unused-vars
  Line 681:21:  'setLoading' is assigned a value but never used                                                               no-unused-vars
  Line 712:8:   React Hook useEffect has a missing dependency: 'roleEmail'. Either include it or remove the dependency array  react-hooks/exhaustive-deps
  Line 785:19:  'availableQuantity' is assigned a value but never used                                                        no-unused-vars
  Line 835:11:  'dataURLtoBlob' is assigned a value but never used                                                            no-unused-vars
  Line 923:48:  Expected '===' and instead saw '=='                                                                           eqeqeq
  Line 924:52:  Expected '===' and instead saw '=='                                                                           eqeqeq
[info] [2024-10-24T13:30:52.283Z] : [react-plugin]: 
Search for the keywords to learn more about each warning.
[info] [2024-10-24T13:30:52.285Z] : [react-plugin]: To ignore, add // eslint-disable-next-line to the line before.

[info] [2024-10-24T13:32:46.405Z] : [react-plugin]: Compiling...
[info] [2024-10-24T13:32:50.162Z] : [react-plugin]: Compiled with warnings.

[info] [2024-10-24T13:32:50.165Z] : [react-plugin]: [eslint] 
src\components\Edit\InvoiceEdit.jsx
  Line 67:12:   'loading' is assigned a value but never used                                                                                                                                                     no-unused-vars
  Line 67:21:   'setLoading' is assigned a value but never used                                                                                                                                                  no-unused-vars
  Line 99:8:    React Hook useEffect has missing dependencies: 'invoiceData.ROWID', 'invoiceData2.Scrap_SubForm', and 'invoiceData2.Spares_SubForm'. Either include them or remove the dependency array          react-hooks/exhaustive-deps
  Line 141:21:  Redundant alt attribute. Screen-readers already announce `img` tags as an image. You don’t need to use the words `image`, `photo,` or `picture` (or any specified custom words) in the alt prop  jsx-a11y/img-redundant-alt

src\components\Forms\DispatchInvoice.jsx
  Line 652:38:  'useRef' is defined but never used                                                                            no-unused-vars
  Line 652:46:  'useCallback' is defined but never used                                                                       no-unused-vars
  Line 665:25:  'setTicketRowId' is assigned a value but never used                                                           no-unused-vars
  Line 681:21:  'setLoading' is assigned a value but never used                                                               no-unused-vars
  Line 712:8:   React Hook useEffect has a missing dependency: 'roleEmail'. Either include it or remove the dependency array  react-hooks/exhaustive-deps
  Line 785:19:  'availableQuantity' is assigned a value but never used                                                        no-unused-vars
  Line 835:11:  'dataURLtoBlob' is assigned a value but never used                                                            no-unused-vars
  Line 923:48:  Expected '===' and instead saw '=='                                                                           eqeqeq
  Line 924:52:  Expected '===' and instead saw '=='                                                                           eqeqeq
[info] [2024-10-24T13:32:50.166Z] : [react-plugin]: 
Search for the keywords to learn more about each warning.
[info] [2024-10-24T13:32:50.167Z] : [react-plugin]: To ignore, add // eslint-disable-next-line to the line before.

[debug] [2024-10-25T04:38:25.832Z] : 
[debug] [2024-10-25T04:38:25.835Z] : ----------------------------------------------------------------------
[debug] [2024-10-25T04:38:25.835Z] : Command:      C:\Program Files\nodejs\node.exe C:\Users\91950\AppData\Roaming\npm\node_modules\zcatalyst-cli\lib\bin\catalyst.js serve
[debug] [2024-10-25T04:38:25.835Z] : CLI Version:  1.17.6
[debug] [2024-10-25T04:38:25.835Z] : Platform:     win32
[debug] [2024-10-25T04:38:25.836Z] : Node Version: v20.14.0
[debug] [2024-10-25T04:38:25.836Z] : Time:         Fri Oct 25 2024 10:08:25 GMT+0530 (India Standard Time)
[debug] [2024-10-25T04:38:25.836Z] : ----------------------------------------------------------------------
[debug] [2024-10-25T04:38:25.836Z] : 
[debug] [2024-10-25T04:38:27.281Z] : > authorizing via signed-in user option
[debug] [2024-10-25T04:38:27.281Z] : > command requires scopes: ["ZohoCatalyst.projects.ALL","ZohoCatalyst.functions.ALL","ZohoCatalyst.functions.EXECUTE","ZohoCatalyst.webapp.ALL","ZohoCatalyst.pdfshot.execute","ZohoCatalyst.authentication.CREATE"]
[debug] [2024-10-25T04:38:27.297Z] : > refreshing access token <
[debug] [2024-10-25T04:38:27.298Z] : >>>> HTTP REQUEST : POST https://accounts.zoho.com/oauth/v2/token 
<request body omitted>

[debug] [2024-10-25T04:38:28.696Z] : <<<< HTTP RESPONSE : 200
Response Headers: {"server":"ZGS","date":"Fri, 25 Oct 2024 04:38:28 GMT","content-type":"application/json;charset=UTF-8","content-length":"1949","connection":"keep-alive","set-cookie":["zalb_b266a5bf57=9f371135a524e2d1f51eb9f41fa26c60; Path=/; Secure; HttpOnly","iamcsr=51f2b2fc-4d4c-41ba-bac8-e7b6f8d1c0fd;path=/;SameSite=None;Secure;priority=high","_zcsr_tmp=51f2b2fc-4d4c-41ba-bac8-e7b6f8d1c0fd;path=/;SameSite=Strict;Secure;priority=high"],"cache-control":"no-store","x-content-type-options":"nosniff","pragma":"no-cache","x-frame-options":"SAMEORIGIN","vary":"accept-encoding","content-language":"en-US","strict-transport-security":"max-age=63072000"}

[debug] [2024-10-25T04:38:28.707Z] : >>>> HTTP REQUEST : GET https://api.catalyst.zoho.com/baas/v1/project/15205000000147040 

[debug] [2024-10-25T04:38:29.763Z] : <<<< HTTP RESPONSE : 200
Response Headers: {"server":"ZGS","date":"Fri, 25 Oct 2024 04:38:30 GMT","content-type":"application/vnd.catalyst.v2+json","transfer-encoding":"chunked","connection":"keep-alive","set-cookie":["zalb_46512fd555=b14009a6059feb83ee8aa1c715a015c5; Path=/; Secure; HttpOnly","ZD_CSRF_TOKEN=7803af7a-51b9-4dba-8ebd-08c0788cbab4;path=/;SameSite=None;Secure;priority=high","_zcsr_tmp=7803af7a-51b9-4dba-8ebd-08c0788cbab4;path=/;SameSite=Strict;Secure;priority=high"],"x-content-type-options":"nosniff","x-xss-protection":"1","cache-control":"private,no-cache,no-store,max-age=0,must-revalidate","pragma":"no-cache","expires":"Thu, 01 Jan 1970 00:00:00 GMT","x-frame-options":"DENY","strict-transport-security":"max-age=63072000"}

[debug] [2024-10-25T04:38:29.765Z] : >>>> HTTP REQUEST : GET https://api.catalyst.zoho.com/baas/v1/project/15205000000147040/environment 

[debug] [2024-10-25T04:38:30.178Z] : <<<< HTTP RESPONSE : 200
Response Headers: {"server":"ZGS","date":"Fri, 25 Oct 2024 04:38:30 GMT","content-type":"application/vnd.catalyst.v2+json","transfer-encoding":"chunked","connection":"keep-alive","set-cookie":["zalb_46512fd555=bbdfb771565421abbe10f7a180903d28; Path=/; Secure; HttpOnly","ZD_CSRF_TOKEN=7eb5da99-1e78-4dc5-8b1b-63e325430662;path=/;SameSite=None;Secure;priority=high","_zcsr_tmp=7eb5da99-1e78-4dc5-8b1b-63e325430662;path=/;SameSite=Strict;Secure;priority=high"],"x-content-type-options":"nosniff","x-xss-protection":"1","cache-control":"private,no-cache,no-store,max-age=0,must-revalidate","pragma":"no-cache","expires":"Thu, 01 Jan 1970 00:00:00 GMT","x-frame-options":"DENY","strict-transport-security":"max-age=63072000"}

[debug] [2024-10-25T04:38:30.562Z] : Build folder already exists, starting cleanup
[debug] [2024-10-25T04:38:30.740Z] : >>>> HTTP REQUEST : GET https://api.catalyst.zoho.com/baas/v1/project/15205000000147040/function 
Query params: {"type":"basicio,event,cron,applogic,integration,browser_logic"}

[debug] [2024-10-25T04:38:31.086Z] : <<<< HTTP RESPONSE : 200
Response Headers: {"server":"ZGS","date":"Fri, 25 Oct 2024 04:38:31 GMT","content-type":"application/vnd.catalyst.v2+json","transfer-encoding":"chunked","connection":"keep-alive","set-cookie":["zalb_46512fd555=4ead9897700827f973c0f7dbded7f673; Path=/; Secure; HttpOnly","ZD_CSRF_TOKEN=b233f17a-aa8a-4882-a24b-d6f60ef39e06;path=/;SameSite=None;Secure;priority=high","_zcsr_tmp=b233f17a-aa8a-4882-a24b-d6f60ef39e06;path=/;SameSite=Strict;Secure;priority=high"],"x-content-type-options":"nosniff","x-xss-protection":"1","cache-control":"private,no-cache,no-store,max-age=0,must-revalidate","pragma":"no-cache","expires":"Thu, 01 Jan 1970 00:00:00 GMT","x-frame-options":"DENY","strict-transport-security":"max-age=63072000"}

[debug] [2024-10-25T04:38:31.089Z] : unknown eol undefined hence skipping check
[debug] [2024-10-25T04:38:31.090Z] : unknown eol undefined hence skipping check
[debug] [2024-10-25T04:38:31.090Z] : unknown eol undefined hence skipping check
[warn] [2024-10-25T04:38:32.613Z] : ‼ skipping serve of function [cron] since invalid function type. Only basicio,advancedio,browser_logic are supported.
[info] [2024-10-25T04:38:36.056Z] : [react-plugin]: Starting the development server...

[info] [2024-10-25T04:38:36.058Z] : 
[info] [2024-10-25T04:38:36.058Z] : i Client[react-app]: Plugin : "zcatalyst-cli-plugin-react" is used for client serve
[info] [2024-10-25T04:38:36.058Z] : 
[info] [2024-10-25T04:38:38.316Z] : 
[info] [2024-10-25T04:38:38.316Z] :  >>>>>>>>>>>>>> BasicIO <<<<<<<<<<<<<< 
[info] [2024-10-25T04:38:38.317Z] : i authbasicio: http://localhost:3000/server/authbasicio/execute
[info] [2024-10-25T04:38:38.317Z] : 
[info] [2024-10-25T04:38:38.318Z] : 
[info] [2024-10-25T04:38:38.318Z] :  >>>>>>>>>>>>> AdvancedIO <<<<<<<<<<<< 
[info] [2024-10-25T04:38:38.318Z] : i waterheater_1_function: http://localhost:3000/server/waterheater_1_function/
[info] [2024-10-25T04:38:38.319Z] : 
[info] [2024-10-25T04:38:38.319Z] : 
[info] [2024-10-25T04:38:38.319Z] :  >>>>>>>>>>>>> Web Client <<<<<<<<<<<<
[info] [2024-10-25T04:38:38.319Z] : i client[react-app]: http://localhost:3000/app/
[info] [2024-10-25T04:38:38.320Z] : 
[info] [2024-10-25T04:38:46.826Z] : [react-plugin]: Compiled successfully!
[info] [2024-10-25T04:38:46.827Z] : [react-plugin]: 
[info] [2024-10-25T04:38:46.827Z] : [react-plugin]: You can now view react-app in the browser.
[info] [2024-10-25T04:38:46.827Z] : [react-plugin]: 
[info] [2024-10-25T04:38:46.827Z] : [react-plugin]:   Local:            http://localhost:3000/app/
[info] [2024-10-25T04:38:46.827Z] : [react-plugin]:   On Your Network:  http://192.168.31.148:3000/app/
[info] [2024-10-25T04:38:46.828Z] : [react-plugin]: 
[info] [2024-10-25T04:38:46.828Z] : [react-plugin]: Note that the development build is not optimized.
[info] [2024-10-25T04:38:46.828Z] : [react-plugin]: To create a production build, use npm run build.
[info] [2024-10-25T04:38:46.828Z] : [react-plugin]: 
[info] [2024-10-25T04:41:56.059Z] : [react-plugin]: Compiling...
[info] [2024-10-25T04:42:01.194Z] : [react-plugin]: Compiled with warnings.

[info] [2024-10-25T04:42:01.195Z] : [react-plugin]: [eslint] 
src\components\Edit\InvoiceEdit.jsx
  Line 286:12:  'loading' is assigned a value but never used                                                                                                                                                     no-unused-vars
  Line 286:21:  'setLoading' is assigned a value but never used                                                                                                                                                  no-unused-vars
  Line 351:21:  Redundant alt attribute. Screen-readers already announce `img` tags as an image. You don’t need to use the words `image`, `photo,` or `picture` (or any specified custom words) in the alt prop  jsx-a11y/img-redundant-alt
[info] [2024-10-25T04:42:01.196Z] : [react-plugin]: 
Search for the keywords to learn more about each warning.
[info] [2024-10-25T04:42:01.196Z] : [react-plugin]: To ignore, add // eslint-disable-next-line to the line before.

[info] [2024-10-25T04:46:42.917Z] : [react-plugin]: Compiling...
[info] [2024-10-25T04:46:45.658Z] : [react-plugin]: Compiled with warnings.

[info] [2024-10-25T04:46:45.658Z] : [react-plugin]: [eslint] 
src\components\Edit\InvoiceEdit.jsx
  Line 286:21:  'setLoading' is assigned a value but never used                                                                                                                                                  no-unused-vars
  Line 351:21:  Redundant alt attribute. Screen-readers already announce `img` tags as an image. You don’t need to use the words `image`, `photo,` or `picture` (or any specified custom words) in the alt prop  jsx-a11y/img-redundant-alt
[info] [2024-10-25T04:46:45.659Z] : [react-plugin]: 
Search for the keywords to learn more about each warning.
[info] [2024-10-25T04:46:45.659Z] : [react-plugin]: To ignore, add // eslint-disable-next-line to the line before.

[info] [2024-10-25T04:47:43.590Z] : [react-plugin]: Compiling...
[info] [2024-10-25T04:47:45.869Z] : [react-plugin]: Compiled with warnings.

[info] [2024-10-25T04:47:45.870Z] : [react-plugin]: [eslint] 
src\components\Edit\InvoiceEdit.jsx
  Line 353:21:  Redundant alt attribute. Screen-readers already announce `img` tags as an image. You don’t need to use the words `image`, `photo,` or `picture` (or any specified custom words) in the alt prop  jsx-a11y/img-redundant-alt
[info] [2024-10-25T04:47:45.870Z] : [react-plugin]: 
Search for the keywords to learn more about each warning.
[info] [2024-10-25T04:47:45.870Z] : [react-plugin]: To ignore, add // eslint-disable-next-line to the line before.

[info] [2024-10-25T04:51:51.558Z] : [react-plugin]: Compiling...
[info] [2024-10-25T04:51:53.882Z] : [react-plugin]: Compiled with warnings.

[info] [2024-10-25T04:51:53.883Z] : [react-plugin]: [eslint] 
src\components\Edit\InvoiceEdit.jsx
  Line 353:21:  Redundant alt attribute. Screen-readers already announce `img` tags as an image. You don’t need to use the words `image`, `photo,` or `picture` (or any specified custom words) in the alt prop  jsx-a11y/img-redundant-alt
[info] [2024-10-25T04:51:53.883Z] : [react-plugin]: 
Search for the keywords to learn more about each warning.
[info] [2024-10-25T04:51:53.883Z] : [react-plugin]: To ignore, add // eslint-disable-next-line to the line before.

[info] [2024-10-25T04:52:41.543Z] : [react-plugin]: Compiling...
[info] [2024-10-25T04:52:43.592Z] : [react-plugin]: Compiled with warnings.

[info] [2024-10-25T04:52:43.592Z] : [react-plugin]: [eslint] 
src\components\Edit\InvoiceEdit.jsx
  Line 353:21:  Redundant alt attribute. Screen-readers already announce `img` tags as an image. You don’t need to use the words `image`, `photo,` or `picture` (or any specified custom words) in the alt prop  jsx-a11y/img-redundant-alt
[info] [2024-10-25T04:52:43.593Z] : [react-plugin]: 
Search for the keywords to learn more about each warning.
[info] [2024-10-25T04:52:43.593Z] : [react-plugin]: To ignore, add // eslint-disable-next-line to the line before.

[info] [2024-10-25T04:53:03.196Z] : [react-plugin]: Compiling...
[info] [2024-10-25T04:53:05.091Z] : [react-plugin]: Compiled with warnings.

[info] [2024-10-25T04:53:05.092Z] : [react-plugin]: [eslint] 
src\components\Edit\InvoiceEdit.jsx
  Line 353:21:  Redundant alt attribute. Screen-readers already announce `img` tags as an image. You don’t need to use the words `image`, `photo,` or `picture` (or any specified custom words) in the alt prop  jsx-a11y/img-redundant-alt
[info] [2024-10-25T04:53:05.092Z] : [react-plugin]: 
Search for the keywords to learn more about each warning.
[info] [2024-10-25T04:53:05.093Z] : [react-plugin]: To ignore, add // eslint-disable-next-line to the line before.

[info] [2024-10-25T05:00:13.925Z] : [react-plugin]: Compiling...
[info] [2024-10-25T05:00:16.573Z] : [react-plugin]: Compiled with warnings.

[info] [2024-10-25T05:00:16.573Z] : [react-plugin]: [eslint] 
src\components\Edit\InvoiceEdit.jsx
  Line 590:21:  Redundant alt attribute. Screen-readers already announce `img` tags as an image. You don’t need to use the words `image`, `photo,` or `picture` (or any specified custom words) in the alt prop  jsx-a11y/img-redundant-alt
[info] [2024-10-25T05:00:16.574Z] : [react-plugin]: 
Search for the keywords to learn more about each warning.
[info] [2024-10-25T05:00:16.574Z] : [react-plugin]: To ignore, add // eslint-disable-next-line to the line before.

[info] [2024-10-25T05:02:08.455Z] : [react-plugin]: Compiling...
[info] [2024-10-25T05:02:10.811Z] : [react-plugin]: Compiled with warnings.

[info] [2024-10-25T05:02:10.811Z] : [react-plugin]: [eslint] 
src\components\Edit\InvoiceEdit.jsx
  Line 590:21:  Redundant alt attribute. Screen-readers already announce `img` tags as an image. You don’t need to use the words `image`, `photo,` or `picture` (or any specified custom words) in the alt prop  jsx-a11y/img-redundant-alt
[info] [2024-10-25T05:02:10.811Z] : [react-plugin]: 
Search for the keywords to learn more about each warning.
[info] [2024-10-25T05:02:10.812Z] : [react-plugin]: To ignore, add // eslint-disable-next-line to the line before.

[info] [2024-10-25T05:02:59.283Z] : [react-plugin]: Compiling...
[info] [2024-10-25T05:03:01.239Z] : [react-plugin]: Compiled with warnings.

[info] [2024-10-25T05:03:01.240Z] : [react-plugin]: [eslint] 
src\components\Edit\InvoiceEdit.jsx
  Line 590:21:  Redundant alt attribute. Screen-readers already announce `img` tags as an image. You don’t need to use the words `image`, `photo,` or `picture` (or any specified custom words) in the alt prop  jsx-a11y/img-redundant-alt
[info] [2024-10-25T05:03:01.240Z] : [react-plugin]: 
Search for the keywords to learn more about each warning.
[info] [2024-10-25T05:03:01.240Z] : [react-plugin]: To ignore, add // eslint-disable-next-line to the line before.

[info] [2024-10-25T05:03:44.004Z] : [react-plugin]: Compiling...
[info] [2024-10-25T05:03:45.956Z] : [react-plugin]: Compiled with warnings.

[info] [2024-10-25T05:03:45.957Z] : [react-plugin]: [eslint] 
src\components\Edit\InvoiceEdit.jsx
  Line 590:21:  Redundant alt attribute. Screen-readers already announce `img` tags as an image. You don’t need to use the words `image`, `photo,` or `picture` (or any specified custom words) in the alt prop  jsx-a11y/img-redundant-alt
[info] [2024-10-25T05:03:45.957Z] : [react-plugin]: 
Search for the keywords to learn more about each warning.
[info] [2024-10-25T05:03:45.957Z] : [react-plugin]: To ignore, add // eslint-disable-next-line to the line before.

[info] [2024-10-25T05:04:11.043Z] : [react-plugin]: Compiling...
[info] [2024-10-25T05:04:13.444Z] : [react-plugin]: Compiled with warnings.

[info] [2024-10-25T05:04:13.444Z] : [react-plugin]: [eslint] 
src\components\Edit\InvoiceEdit.jsx
  Line 590:21:  Redundant alt attribute. Screen-readers already announce `img` tags as an image. You don’t need to use the words `image`, `photo,` or `picture` (or any specified custom words) in the alt prop  jsx-a11y/img-redundant-alt
[info] [2024-10-25T05:04:13.445Z] : [react-plugin]: 
Search for the keywords to learn more about each warning.
[info] [2024-10-25T05:04:13.445Z] : [react-plugin]: To ignore, add // eslint-disable-next-line to the line before.

[info] [2024-10-25T05:04:31.522Z] : [react-plugin]: Compiling...
[info] [2024-10-25T05:04:33.371Z] : [react-plugin]: Compiled with warnings.

[info] [2024-10-25T05:04:33.372Z] : [react-plugin]: [eslint] 
src\components\Edit\InvoiceEdit.jsx
  Line 590:21:  Redundant alt attribute. Screen-readers already announce `img` tags as an image. You don’t need to use the words `image`, `photo,` or `picture` (or any specified custom words) in the alt prop  jsx-a11y/img-redundant-alt
[info] [2024-10-25T05:04:33.372Z] : [react-plugin]: 
Search for the keywords to learn more about each warning.
[info] [2024-10-25T05:04:33.373Z] : [react-plugin]: To ignore, add // eslint-disable-next-line to the line before.

[info] [2024-10-25T05:04:50.671Z] : [react-plugin]: Compiling...
[info] [2024-10-25T05:04:52.693Z] : [react-plugin]: Compiled with warnings.

[info] [2024-10-25T05:04:52.694Z] : [react-plugin]: [eslint] 
src\components\Edit\InvoiceEdit.jsx
  Line 590:21:  Redundant alt attribute. Screen-readers already announce `img` tags as an image. You don’t need to use the words `image`, `photo,` or `picture` (or any specified custom words) in the alt prop  jsx-a11y/img-redundant-alt
[info] [2024-10-25T05:04:52.694Z] : [react-plugin]: 
Search for the keywords to learn more about each warning.
[info] [2024-10-25T05:04:52.694Z] : [react-plugin]: To ignore, add // eslint-disable-next-line to the line before.

[info] [2024-10-25T05:05:04.713Z] : [react-plugin]: Compiling...
[info] [2024-10-25T05:05:06.863Z] : [react-plugin]: Compiled with warnings.

[info] [2024-10-25T05:05:06.864Z] : [react-plugin]: [eslint] 
src\components\Edit\InvoiceEdit.jsx
  Line 590:21:  Redundant alt attribute. Screen-readers already announce `img` tags as an image. You don’t need to use the words `image`, `photo,` or `picture` (or any specified custom words) in the alt prop  jsx-a11y/img-redundant-alt
[info] [2024-10-25T05:05:06.864Z] : [react-plugin]: 
Search for the keywords to learn more about each warning.
[info] [2024-10-25T05:05:06.864Z] : [react-plugin]: To ignore, add // eslint-disable-next-line to the line before.

[info] [2024-10-25T05:05:13.932Z] : [react-plugin]: Compiling...
[info] [2024-10-25T05:05:15.818Z] : [react-plugin]: Compiled with warnings.

[info] [2024-10-25T05:05:15.819Z] : [react-plugin]: [eslint] 
src\components\Edit\InvoiceEdit.jsx
  Line 590:21:  Redundant alt attribute. Screen-readers already announce `img` tags as an image. You don’t need to use the words `image`, `photo,` or `picture` (or any specified custom words) in the alt prop  jsx-a11y/img-redundant-alt
[info] [2024-10-25T05:05:15.819Z] : [react-plugin]: 
Search for the keywords to learn more about each warning.
[info] [2024-10-25T05:05:15.819Z] : [react-plugin]: To ignore, add // eslint-disable-next-line to the line before.

[info] [2024-10-25T05:06:22.249Z] : [react-plugin]: Compiling...
[info] [2024-10-25T05:06:24.540Z] : [react-plugin]: Compiled with warnings.

[info] [2024-10-25T05:06:24.541Z] : [react-plugin]: [eslint] 
src\components\Edit\InvoiceEdit.jsx
  Line 591:21:  Redundant alt attribute. Screen-readers already announce `img` tags as an image. You don’t need to use the words `image`, `photo,` or `picture` (or any specified custom words) in the alt prop  jsx-a11y/img-redundant-alt
[info] [2024-10-25T05:06:24.541Z] : [react-plugin]: 
Search for the keywords to learn more about each warning.
[info] [2024-10-25T05:06:24.541Z] : [react-plugin]: To ignore, add // eslint-disable-next-line to the line before.

[info] [2024-10-25T05:16:06.118Z] : [react-plugin]: Compiling...
[info] [2024-10-25T05:16:08.390Z] : [react-plugin]: Compiled with warnings.

[info] [2024-10-25T05:16:08.390Z] : [react-plugin]: [eslint] 
src\components\Edit\InvoiceEdit.jsx
  Line 591:21:  Redundant alt attribute. Screen-readers already announce `img` tags as an image. You don’t need to use the words `image`, `photo,` or `picture` (or any specified custom words) in the alt prop  jsx-a11y/img-redundant-alt
[info] [2024-10-25T05:16:08.390Z] : [react-plugin]: 
Search for the keywords to learn more about each warning.
[info] [2024-10-25T05:16:08.391Z] : [react-plugin]: To ignore, add // eslint-disable-next-line to the line before.

[info] [2024-10-25T05:16:19.374Z] : [react-plugin]: Compiling...
[info] [2024-10-25T05:16:21.152Z] : [react-plugin]: Compiled with warnings.

[info] [2024-10-25T05:16:21.153Z] : [react-plugin]: [eslint] 
src\components\Edit\InvoiceEdit.jsx
  Line 591:21:  Redundant alt attribute. Screen-readers already announce `img` tags as an image. You don’t need to use the words `image`, `photo,` or `picture` (or any specified custom words) in the alt prop  jsx-a11y/img-redundant-alt
  Line 602:11:  'handleEditInvoice' is assigned a value but never used                                                                                                                                           no-unused-vars
[info] [2024-10-25T05:16:21.154Z] : [react-plugin]: 
Search for the keywords to learn more about each warning.
[info] [2024-10-25T05:16:21.154Z] : [react-plugin]: To ignore, add // eslint-disable-next-line to the line before.

[info] [2024-10-25T05:19:07.608Z] : [react-plugin]: Compiling...
[info] [2024-10-25T05:19:09.929Z] : [react-plugin]: Compiled with warnings.

[info] [2024-10-25T05:19:09.930Z] : [react-plugin]: [eslint] 
src\components\Edit\InvoiceEdit.jsx
  Line 591:21:  Redundant alt attribute. Screen-readers already announce `img` tags as an image. You don’t need to use the words `image`, `photo,` or `picture` (or any specified custom words) in the alt prop  jsx-a11y/img-redundant-alt
  Line 602:11:  'handleEditInvoice' is assigned a value but never used                                                                                                                                           no-unused-vars
[info] [2024-10-25T05:19:09.930Z] : [react-plugin]: 
Search for the keywords to learn more about each warning.
[info] [2024-10-25T05:19:09.930Z] : [react-plugin]: To ignore, add // eslint-disable-next-line to the line before.

[info] [2024-10-25T05:22:14.639Z] : [react-plugin]: Compiling...
[info] [2024-10-25T05:22:17.139Z] : [react-plugin]: Compiled with warnings.

[info] [2024-10-25T05:22:17.139Z] : [react-plugin]: [eslint] 
src\components\Edit\InvoiceEdit.jsx
  Line 592:21:  Redundant alt attribute. Screen-readers already announce `img` tags as an image. You don’t need to use the words `image`, `photo,` or `picture` (or any specified custom words) in the alt prop  jsx-a11y/img-redundant-alt
  Line 603:11:  'handleEditInvoice' is assigned a value but never used                                                                                                                                           no-unused-vars
[info] [2024-10-25T05:22:17.140Z] : [react-plugin]: 
Search for the keywords to learn more about each warning.
[info] [2024-10-25T05:22:17.140Z] : [react-plugin]: To ignore, add // eslint-disable-next-line to the line before.

[info] [2024-10-25T05:34:02.580Z] : [react-plugin]: Compiling...
[info] [2024-10-25T05:34:04.980Z] : [react-plugin]: Compiled with warnings.

[info] [2024-10-25T05:34:04.980Z] : [react-plugin]: [eslint] 
src\components\Edit\InvoiceEdit.jsx
  Line 615:21:  Redundant alt attribute. Screen-readers already announce `img` tags as an image. You don’t need to use the words `image`, `photo,` or `picture` (or any specified custom words) in the alt prop  jsx-a11y/img-redundant-alt
  Line 626:11:  'handleEditInvoice' is assigned a value but never used                                                                                                                                           no-unused-vars
[info] [2024-10-25T05:34:04.981Z] : [react-plugin]: 
Search for the keywords to learn more about each warning.
[info] [2024-10-25T05:34:04.981Z] : [react-plugin]: To ignore, add // eslint-disable-next-line to the line before.

[info] [2024-10-25T05:35:10.398Z] : [react-plugin]: Compiling...
[info] [2024-10-25T05:35:12.669Z] : [react-plugin]: Compiled with warnings.

[info] [2024-10-25T05:35:12.669Z] : [react-plugin]: [eslint] 
src\components\Edit\InvoiceEdit.jsx
  Line 615:21:  Redundant alt attribute. Screen-readers already announce `img` tags as an image. You don’t need to use the words `image`, `photo,` or `picture` (or any specified custom words) in the alt prop  jsx-a11y/img-redundant-alt
  Line 626:11:  'handleEditInvoice' is assigned a value but never used                                                                                                                                           no-unused-vars
[info] [2024-10-25T05:35:12.670Z] : [react-plugin]: 
Search for the keywords to learn more about each warning.
[info] [2024-10-25T05:35:12.670Z] : [react-plugin]: To ignore, add // eslint-disable-next-line to the line before.

[debug] [2024-10-25T05:39:12.617Z] : > refreshing access token <
[debug] [2024-10-25T05:39:12.624Z] : >>>> HTTP REQUEST : POST https://accounts.zoho.com/oauth/v2/token 
<request body omitted>

[debug] [2024-10-25T05:39:12.628Z] : > refreshing access token <
[debug] [2024-10-25T05:39:12.630Z] : >>>> HTTP REQUEST : POST https://accounts.zoho.com/oauth/v2/token 
<request body omitted>

[debug] [2024-10-25T05:39:13.583Z] : <<<< HTTP RESPONSE : 200
Response Headers: {"server":"ZGS","date":"Fri, 25 Oct 2024 05:39:13 GMT","content-type":"application/json;charset=UTF-8","content-length":"1949","connection":"keep-alive","set-cookie":["zalb_b266a5bf57=a7f15cb1555106de5ac96d088b72e7c8; Path=/; Secure; HttpOnly","iamcsr=af71d735-4dc2-47e2-b1e7-aab3d70900d6;path=/;SameSite=None;Secure;priority=high","_zcsr_tmp=af71d735-4dc2-47e2-b1e7-aab3d70900d6;path=/;SameSite=Strict;Secure;priority=high"],"cache-control":"no-store","x-content-type-options":"nosniff","pragma":"no-cache","x-frame-options":"SAMEORIGIN","vary":"accept-encoding","content-language":"en-US","strict-transport-security":"max-age=63072000"}

[debug] [2024-10-25T05:39:13.612Z] : <<<< HTTP RESPONSE : 200
Response Headers: {"server":"ZGS","date":"Fri, 25 Oct 2024 05:39:13 GMT","content-type":"application/json;charset=UTF-8","content-length":"1949","connection":"keep-alive","set-cookie":["zalb_b266a5bf57=a7f15cb1555106de5ac96d088b72e7c8; Path=/; Secure; HttpOnly","iamcsr=6eacec62-7d1e-4433-bc57-146d2cbd2acf;path=/;SameSite=None;Secure;priority=high","_zcsr_tmp=6eacec62-7d1e-4433-bc57-146d2cbd2acf;path=/;SameSite=Strict;Secure;priority=high"],"cache-control":"no-store","x-content-type-options":"nosniff","pragma":"no-cache","x-frame-options":"SAMEORIGIN","vary":"accept-encoding","content-language":"en-US","strict-transport-security":"max-age=63072000"}

[info] [2024-10-25T05:48:57.939Z] : [react-plugin]: Compiling...
[info] [2024-10-25T05:49:00.386Z] : [react-plugin]: Compiled with warnings.

[info] [2024-10-25T05:49:00.387Z] : [react-plugin]: [eslint] 
src\components\Edit\InvoiceEdit.jsx
  Line 615:21:  Redundant alt attribute. Screen-readers already announce `img` tags as an image. You don’t need to use the words `image`, `photo,` or `picture` (or any specified custom words) in the alt prop  jsx-a11y/img-redundant-alt
  Line 626:11:  'handleEditInvoice' is assigned a value but never used                                                                                                                                           no-unused-vars

src\components\Views\ViewInvoice.jsx
  Line 473:8:   React Hook useEffect has a missing dependency: 'fetchData'. Either include it or remove the dependency array  react-hooks/exhaustive-deps
  Line 535:11:  'handleCloseModal' is assigned a value but never used                                                         no-unused-vars
[info] [2024-10-25T05:49:00.388Z] : [react-plugin]: 
Search for the keywords to learn more about each warning.
[info] [2024-10-25T05:49:00.389Z] : [react-plugin]: To ignore, add // eslint-disable-next-line to the line before.

[info] [2024-10-25T06:00:23.571Z] : [react-plugin]: Compiling...
[info] [2024-10-25T06:00:26.002Z] : [react-plugin]: Compiled with warnings.

[info] [2024-10-25T06:00:26.004Z] : [react-plugin]: [eslint] 
src\components\Edit\InvoiceEdit.jsx
  Line 615:21:  Redundant alt attribute. Screen-readers already announce `img` tags as an image. You don’t need to use the words `image`, `photo,` or `picture` (or any specified custom words) in the alt prop  jsx-a11y/img-redundant-alt
  Line 626:11:  'handleEditInvoice' is assigned a value but never used                                                                                                                                           no-unused-vars

src\components\Views\ViewInvoice.jsx
  Line 473:8:   React Hook useEffect has a missing dependency: 'fetchData'. Either include it or remove the dependency array  react-hooks/exhaustive-deps
  Line 535:11:  'handleCloseModal' is assigned a value but never used                                                         no-unused-vars

src\components\Views\ViewTicket.jsx
  Line 694:48:  'Spinner' is defined but never used                                                                                                                                                              no-unused-vars
  Line 714:24:  'setImageLoading' is assigned a value but never used                                                                                                                                             no-unused-vars
  Line 898:9:   'TicketModal' is assigned a value but never used                                                                                                                                                 no-unused-vars
  Line 953:9:   'ImageModal' is assigned a value but never used                                                                                                                                                  no-unused-vars
  Line 969:13:  Redundant alt attribute. Screen-readers already announce `img` tags as an image. You don’t need to use the words `image`, `photo,` or `picture` (or any specified custom words) in the alt prop  jsx-a11y/img-redundant-alt
[info] [2024-10-25T06:00:26.005Z] : [react-plugin]: 
Search for the keywords to learn more about each warning.
[info] [2024-10-25T06:00:26.005Z] : [react-plugin]: To ignore, add // eslint-disable-next-line to the line before.

[info] [2024-10-25T06:01:00.736Z] : [react-plugin]: Compiling...
[info] [2024-10-25T06:01:02.430Z] : [react-plugin]: Compiled with warnings.

[info] [2024-10-25T06:01:02.431Z] : [react-plugin]: [eslint] 
src\components\Edit\InvoiceEdit.jsx
  Line 615:21:  Redundant alt attribute. Screen-readers already announce `img` tags as an image. You don’t need to use the words `image`, `photo,` or `picture` (or any specified custom words) in the alt prop  jsx-a11y/img-redundant-alt
  Line 626:11:  'handleEditInvoice' is assigned a value but never used                                                                                                                                           no-unused-vars

src\components\Views\ViewInvoice.jsx
  Line 473:8:   React Hook useEffect has a missing dependency: 'fetchData'. Either include it or remove the dependency array  react-hooks/exhaustive-deps
  Line 535:11:  'handleCloseModal' is assigned a value but never used                                                         no-unused-vars

src\components\Views\ViewTicket.jsx
  Line 694:48:  'Spinner' is defined but never used                                                                                                                                                              no-unused-vars
  Line 714:24:  'setImageLoading' is assigned a value but never used                                                                                                                                             no-unused-vars
  Line 898:9:   'TicketModal' is assigned a value but never used                                                                                                                                                 no-unused-vars
  Line 953:9:   'ImageModal' is assigned a value but never used                                                                                                                                                  no-unused-vars
  Line 969:13:  Redundant alt attribute. Screen-readers already announce `img` tags as an image. You don’t need to use the words `image`, `photo,` or `picture` (or any specified custom words) in the alt prop  jsx-a11y/img-redundant-alt
[info] [2024-10-25T06:01:02.432Z] : [react-plugin]: 
Search for the keywords to learn more about each warning.
[info] [2024-10-25T06:01:02.433Z] : [react-plugin]: To ignore, add // eslint-disable-next-line to the line before.

[info] [2024-10-25T06:17:32.247Z] : [react-plugin]: Compiling...
[info] [2024-10-25T06:17:34.545Z] : [react-plugin]: Compiled with warnings.

[info] [2024-10-25T06:17:34.547Z] : [react-plugin]: [eslint] 
src\components\Edit\InvoiceEdit.jsx
  Line 615:21:  Redundant alt attribute. Screen-readers already announce `img` tags as an image. You don’t need to use the words `image`, `photo,` or `picture` (or any specified custom words) in the alt prop  jsx-a11y/img-redundant-alt
  Line 626:11:  'handleEditInvoice' is assigned a value but never used                                                                                                                                           no-unused-vars

src\components\Views\ViewInvoice.jsx
  Line 473:8:   React Hook useEffect has a missing dependency: 'fetchData'. Either include it or remove the dependency array  react-hooks/exhaustive-deps
  Line 535:11:  'handleCloseModal' is assigned a value but never used                                                         no-unused-vars

src\components\Views\ViewTicket.jsx
  Line 694:48:  'Spinner' is defined but never used                                                                                                                                                              no-unused-vars
  Line 714:24:  'setImageLoading' is assigned a value but never used                                                                                                                                             no-unused-vars
  Line 898:9:   'TicketModal' is assigned a value but never used                                                                                                                                                 no-unused-vars
  Line 953:9:   'ImageModal' is assigned a value but never used                                                                                                                                                  no-unused-vars
  Line 969:13:  Redundant alt attribute. Screen-readers already announce `img` tags as an image. You don’t need to use the words `image`, `photo,` or `picture` (or any specified custom words) in the alt prop  jsx-a11y/img-redundant-alt
[info] [2024-10-25T06:17:34.548Z] : [react-plugin]: 
Search for the keywords to learn more about each warning.
[info] [2024-10-25T06:17:34.548Z] : [react-plugin]: To ignore, add // eslint-disable-next-line to the line before.

[info] [2024-10-25T06:17:55.925Z] : [react-plugin]: Compiling...
[info] [2024-10-25T06:17:57.692Z] : [react-plugin]: Compiled with warnings.

[info] [2024-10-25T06:17:57.695Z] : [react-plugin]: [eslint] 
src\components\Edit\InvoiceEdit.jsx
  Line 615:21:  Redundant alt attribute. Screen-readers already announce `img` tags as an image. You don’t need to use the words `image`, `photo,` or `picture` (or any specified custom words) in the alt prop  jsx-a11y/img-redundant-alt
  Line 626:11:  'handleEditInvoice' is assigned a value but never used                                                                                                                                           no-unused-vars

src\components\Views\ViewInvoice.jsx
  Line 473:8:   React Hook useEffect has a missing dependency: 'fetchData'. Either include it or remove the dependency array  react-hooks/exhaustive-deps
  Line 535:11:  'handleCloseModal' is assigned a value but never used                                                         no-unused-vars

src\components\Views\ViewTicket.jsx
  Line 694:48:  'Spinner' is defined but never used                                                                                                                                                              no-unused-vars
  Line 714:24:  'setImageLoading' is assigned a value but never used                                                                                                                                             no-unused-vars
  Line 898:9:   'TicketModal' is assigned a value but never used                                                                                                                                                 no-unused-vars
  Line 953:9:   'ImageModal' is assigned a value but never used                                                                                                                                                  no-unused-vars
  Line 969:13:  Redundant alt attribute. Screen-readers already announce `img` tags as an image. You don’t need to use the words `image`, `photo,` or `picture` (or any specified custom words) in the alt prop  jsx-a11y/img-redundant-alt
[info] [2024-10-25T06:17:57.695Z] : [react-plugin]: 
Search for the keywords to learn more about each warning.
[info] [2024-10-25T06:17:57.696Z] : [react-plugin]: To ignore, add // eslint-disable-next-line to the line before.

[info] [2024-10-25T06:19:03.524Z] : [react-plugin]: Compiling...
[info] [2024-10-25T06:19:05.575Z] : [react-plugin]: Compiled with warnings.

[info] [2024-10-25T06:19:05.578Z] : [react-plugin]: [eslint] 
src\components\Edit\InvoiceEdit.jsx
  Line 615:21:  Redundant alt attribute. Screen-readers already announce `img` tags as an image. You don’t need to use the words `image`, `photo,` or `picture` (or any specified custom words) in the alt prop  jsx-a11y/img-redundant-alt
  Line 626:11:  'handleEditInvoice' is assigned a value but never used                                                                                                                                           no-unused-vars

src\components\Views\ViewInvoice.jsx
  Line 473:8:   React Hook useEffect has a missing dependency: 'fetchData'. Either include it or remove the dependency array  react-hooks/exhaustive-deps
  Line 535:11:  'handleCloseModal' is assigned a value but never used                                                         no-unused-vars

src\components\Views\ViewTicket.jsx
  Line 694:48:  'Spinner' is defined but never used                                                                                                                                                              no-unused-vars
  Line 714:24:  'setImageLoading' is assigned a value but never used                                                                                                                                             no-unused-vars
  Line 898:9:   'TicketModal' is assigned a value but never used                                                                                                                                                 no-unused-vars
  Line 953:9:   'ImageModal' is assigned a value but never used                                                                                                                                                  no-unused-vars
  Line 969:13:  Redundant alt attribute. Screen-readers already announce `img` tags as an image. You don’t need to use the words `image`, `photo,` or `picture` (or any specified custom words) in the alt prop  jsx-a11y/img-redundant-alt
[info] [2024-10-25T06:19:05.580Z] : [react-plugin]: 
Search for the keywords to learn more about each warning.
[info] [2024-10-25T06:19:05.581Z] : [react-plugin]: To ignore, add // eslint-disable-next-line to the line before.

[info] [2024-10-25T06:20:00.084Z] : [react-plugin]: Compiling...
[info] [2024-10-25T06:20:01.892Z] : [react-plugin]: Compiled with warnings.

[info] [2024-10-25T06:20:01.894Z] : [react-plugin]: [eslint] 
src\components\Edit\InvoiceEdit.jsx
  Line 615:21:  Redundant alt attribute. Screen-readers already announce `img` tags as an image. You don’t need to use the words `image`, `photo,` or `picture` (or any specified custom words) in the alt prop  jsx-a11y/img-redundant-alt
  Line 626:11:  'handleEditInvoice' is assigned a value but never used                                                                                                                                           no-unused-vars

src\components\Views\ViewInvoice.jsx
  Line 473:8:   React Hook useEffect has a missing dependency: 'fetchData'. Either include it or remove the dependency array  react-hooks/exhaustive-deps
  Line 535:11:  'handleCloseModal' is assigned a value but never used                                                         no-unused-vars

src\components\Views\ViewTicket.jsx
  Line 694:48:  'Spinner' is defined but never used                                                                                                                                                              no-unused-vars
  Line 714:24:  'setImageLoading' is assigned a value but never used                                                                                                                                             no-unused-vars
  Line 898:9:   'TicketModal' is assigned a value but never used                                                                                                                                                 no-unused-vars
  Line 953:9:   'ImageModal' is assigned a value but never used                                                                                                                                                  no-unused-vars
  Line 969:13:  Redundant alt attribute. Screen-readers already announce `img` tags as an image. You don’t need to use the words `image`, `photo,` or `picture` (or any specified custom words) in the alt prop  jsx-a11y/img-redundant-alt
[info] [2024-10-25T06:20:01.895Z] : [react-plugin]: 
Search for the keywords to learn more about each warning.
[info] [2024-10-25T06:20:01.896Z] : [react-plugin]: To ignore, add // eslint-disable-next-line to the line before.

[info] [2024-10-25T06:24:22.016Z] : [react-plugin]: Compiling...
[info] [2024-10-25T06:24:24.395Z] : [react-plugin]: Compiled with warnings.

[info] [2024-10-25T06:24:24.399Z] : [react-plugin]: [eslint] 
src\components\Edit\InvoiceEdit.jsx
  Line 615:21:  Redundant alt attribute. Screen-readers already announce `img` tags as an image. You don’t need to use the words `image`, `photo,` or `picture` (or any specified custom words) in the alt prop  jsx-a11y/img-redundant-alt
  Line 626:11:  'handleEditInvoice' is assigned a value but never used                                                                                                                                           no-unused-vars

src\components\Views\ViewInvoice.jsx
  Line 473:8:   React Hook useEffect has a missing dependency: 'fetchData'. Either include it or remove the dependency array  react-hooks/exhaustive-deps
  Line 535:11:  'handleCloseModal' is assigned a value but never used                                                         no-unused-vars

src\components\Views\ViewSpares.jsx
  Line 913:6:  React Hook useEffect has a missing dependency: 'fetchData'. Either include it or remove the dependency array  react-hooks/exhaustive-deps

src\components\Views\ViewTicket.jsx
  Line 694:48:  'Spinner' is defined but never used                                                                                                                                                              no-unused-vars
  Line 714:24:  'setImageLoading' is assigned a value but never used                                                                                                                                             no-unused-vars
  Line 898:9:   'TicketModal' is assigned a value but never used                                                                                                                                                 no-unused-vars
  Line 953:9:   'ImageModal' is assigned a value but never used                                                                                                                                                  no-unused-vars
  Line 969:13:  Redundant alt attribute. Screen-readers already announce `img` tags as an image. You don’t need to use the words `image`, `photo,` or `picture` (or any specified custom words) in the alt prop  jsx-a11y/img-redundant-alt
[info] [2024-10-25T06:24:24.399Z] : [react-plugin]: 
Search for the keywords to learn more about each warning.
[info] [2024-10-25T06:24:24.400Z] : [react-plugin]: To ignore, add // eslint-disable-next-line to the line before.

[info] [2024-10-25T06:30:44.925Z] : [react-plugin]: Compiling...
[info] [2024-10-25T06:30:47.226Z] : [react-plugin]: Compiled with warnings.

[info] [2024-10-25T06:30:47.229Z] : [react-plugin]: [eslint] 
src\components\Edit\InvoiceEdit.jsx
  Line 615:21:  Redundant alt attribute. Screen-readers already announce `img` tags as an image. You don’t need to use the words `image`, `photo,` or `picture` (or any specified custom words) in the alt prop  jsx-a11y/img-redundant-alt
  Line 626:11:  'handleEditInvoice' is assigned a value but never used                                                                                                                                           no-unused-vars

src\components\Views\ViewInvoice.jsx
  Line 473:8:   React Hook useEffect has a missing dependency: 'fetchData'. Either include it or remove the dependency array  react-hooks/exhaustive-deps
  Line 535:11:  'handleCloseModal' is assigned a value but never used                                                         no-unused-vars

src\components\Views\ViewSpares.jsx
  Line 911:6:  React Hook useEffect has a missing dependency: 'fetchData'. Either include it or remove the dependency array  react-hooks/exhaustive-deps

src\components\Views\ViewTicket.jsx
  Line 694:48:  'Spinner' is defined but never used                                                                                                                                                              no-unused-vars
  Line 714:24:  'setImageLoading' is assigned a value but never used                                                                                                                                             no-unused-vars
  Line 898:9:   'TicketModal' is assigned a value but never used                                                                                                                                                 no-unused-vars
  Line 953:9:   'ImageModal' is assigned a value but never used                                                                                                                                                  no-unused-vars
  Line 969:13:  Redundant alt attribute. Screen-readers already announce `img` tags as an image. You don’t need to use the words `image`, `photo,` or `picture` (or any specified custom words) in the alt prop  jsx-a11y/img-redundant-alt
[info] [2024-10-25T06:30:47.230Z] : [react-plugin]: 
Search for the keywords to learn more about each warning.
[info] [2024-10-25T06:30:47.230Z] : [react-plugin]: To ignore, add // eslint-disable-next-line to the line before.

[debug] [2024-10-25T06:40:11.919Z] : > refreshing access token <
[debug] [2024-10-25T06:40:11.925Z] : >>>> HTTP REQUEST : POST https://accounts.zoho.com/oauth/v2/token 
<request body omitted>

[debug] [2024-10-25T06:40:12.973Z] : <<<< HTTP RESPONSE : 200
Response Headers: {"server":"ZGS","date":"Fri, 25 Oct 2024 06:40:13 GMT","content-type":"application/json;charset=UTF-8","content-length":"1949","connection":"keep-alive","set-cookie":["zalb_b266a5bf57=a711b6da0e6cbadb5e254290f114a026; Path=/; Secure; HttpOnly","iamcsr=29246da5-275b-4c2c-ac56-cdbdbe6cbcaa;path=/;SameSite=None;Secure;priority=high","_zcsr_tmp=29246da5-275b-4c2c-ac56-cdbdbe6cbcaa;path=/;SameSite=Strict;Secure;priority=high"],"cache-control":"no-store","x-content-type-options":"nosniff","pragma":"no-cache","x-frame-options":"SAMEORIGIN","vary":"accept-encoding","content-language":"en-US","strict-transport-security":"max-age=63072000"}

[info] [2024-10-25T06:53:36.938Z] : [react-plugin]: Compiling...
[info] [2024-10-25T06:53:40.710Z] : [react-plugin]: Compiled with warnings.

[info] [2024-10-25T06:53:40.729Z] : [react-plugin]: [eslint] 
src\components\Edit\InvoiceEdit.jsx
  Line 615:21:  Redundant alt attribute. Screen-readers already announce `img` tags as an image. You don’t need to use the words `image`, `photo,` or `picture` (or any specified custom words) in the alt prop  jsx-a11y/img-redundant-alt
  Line 626:11:  'handleEditInvoice' is assigned a value but never used                                                                                                                                           no-unused-vars

src\components\Views\ViewInvoice.jsx
  Line 473:8:   React Hook useEffect has a missing dependency: 'fetchData'. Either include it or remove the dependency array  react-hooks/exhaustive-deps
  Line 535:11:  'handleCloseModal' is assigned a value but never used                                                         no-unused-vars

src\components\Views\ViewSpares.jsx
  Line 911:6:  React Hook useEffect has a missing dependency: 'fetchData'. Either include it or remove the dependency array  react-hooks/exhaustive-deps

src\components\Views\ViewTicket.jsx
  Line 694:48:  'Spinner' is defined but never used                                                                                                                                                              no-unused-vars
  Line 714:24:  'setImageLoading' is assigned a value but never used                                                                                                                                             no-unused-vars
  Line 898:9:   'TicketModal' is assigned a value but never used                                                                                                                                                 no-unused-vars
  Line 953:9:   'ImageModal' is assigned a value but never used                                                                                                                                                  no-unused-vars
  Line 969:13:  Redundant alt attribute. Screen-readers already announce `img` tags as an image. You don’t need to use the words `image`, `photo,` or `picture` (or any specified custom words) in the alt prop  jsx-a11y/img-redundant-alt
[info] [2024-10-25T06:53:40.729Z] : [react-plugin]: 
Search for the keywords to learn more about each warning.
[info] [2024-10-25T06:53:40.730Z] : [react-plugin]: To ignore, add // eslint-disable-next-line to the line before.

[info] [2024-10-25T06:54:05.420Z] : [react-plugin]: Compiling...
[info] [2024-10-25T06:54:09.015Z] : [react-plugin]: Compiled with warnings.

[info] [2024-10-25T06:54:09.018Z] : [react-plugin]: [eslint] 
src\components\Edit\InvoiceEdit.jsx
  Line 615:21:  Redundant alt attribute. Screen-readers already announce `img` tags as an image. You don’t need to use the words `image`, `photo,` or `picture` (or any specified custom words) in the alt prop  jsx-a11y/img-redundant-alt
  Line 626:11:  'handleEditInvoice' is assigned a value but never used                                                                                                                                           no-unused-vars

src\components\Views\ViewInvoice.jsx
  Line 473:8:   React Hook useEffect has a missing dependency: 'fetchData'. Either include it or remove the dependency array  react-hooks/exhaustive-deps
  Line 535:11:  'handleCloseModal' is assigned a value but never used                                                         no-unused-vars

src\components\Views\ViewSpares.jsx
  Line 911:6:  React Hook useEffect has a missing dependency: 'fetchData'. Either include it or remove the dependency array  react-hooks/exhaustive-deps

src\components\Views\ViewTicket.jsx
  Line 694:48:  'Spinner' is defined but never used                                                                                                                                                              no-unused-vars
  Line 714:24:  'setImageLoading' is assigned a value but never used                                                                                                                                             no-unused-vars
  Line 898:9:   'TicketModal' is assigned a value but never used                                                                                                                                                 no-unused-vars
  Line 953:9:   'ImageModal' is assigned a value but never used                                                                                                                                                  no-unused-vars
  Line 969:13:  Redundant alt attribute. Screen-readers already announce `img` tags as an image. You don’t need to use the words `image`, `photo,` or `picture` (or any specified custom words) in the alt prop  jsx-a11y/img-redundant-alt
[info] [2024-10-25T06:54:09.020Z] : [react-plugin]: 
Search for the keywords to learn more about each warning.
[info] [2024-10-25T06:54:09.020Z] : [react-plugin]: To ignore, add // eslint-disable-next-line to the line before.

[info] [2024-10-25T07:05:32.592Z] : [react-plugin]: Compiling...
[info] [2024-10-25T07:05:36.655Z] : [react-plugin]: Compiled with warnings.

[info] [2024-10-25T07:05:36.659Z] : [react-plugin]: [eslint] 
src\components\Edit\InvoiceEdit.jsx
  Line 615:21:  Redundant alt attribute. Screen-readers already announce `img` tags as an image. You don’t need to use the words `image`, `photo,` or `picture` (or any specified custom words) in the alt prop  jsx-a11y/img-redundant-alt
  Line 626:11:  'handleEditInvoice' is assigned a value but never used                                                                                                                                           no-unused-vars

src\components\Forms\TechnicianStockAdd.jsx
  Line 5:8:    'Swal' is defined but never used                      no-unused-vars
  Line 11:10:  'technicianStock' is assigned a value but never used  no-unused-vars
  Line 12:10:  'sparesData' is assigned a value but never used       no-unused-vars

src\components\Views\ViewInvoice.jsx
  Line 473:8:   React Hook useEffect has a missing dependency: 'fetchData'. Either include it or remove the dependency array  react-hooks/exhaustive-deps
  Line 535:11:  'handleCloseModal' is assigned a value but never used                                                         no-unused-vars

src\components\Views\ViewSpares.jsx
  Line 911:6:  React Hook useEffect has a missing dependency: 'fetchData'. Either include it or remove the dependency array  react-hooks/exhaustive-deps

src\components\Views\ViewTicket.jsx
  Line 694:48:  'Spinner' is defined but never used                                                                                                                                                              no-unused-vars
  Line 714:24:  'setImageLoading' is assigned a value but never used                                                                                                                                             no-unused-vars
  Line 898:9:   'TicketModal' is assigned a value but never used                                                                                                                                                 no-unused-vars
  Line 953:9:   'ImageModal' is assigned a value but never used                                                                                                                                                  no-unused-vars
  Line 969:13:  Redundant alt attribute. Screen-readers already announce `img` tags as an image. You don’t need to use the words `image`, `photo,` or `picture` (or any specified custom words) in the alt prop  jsx-a11y/img-redundant-alt
[info] [2024-10-25T07:05:36.660Z] : [react-plugin]: 
Search for the keywords to learn more about each warning.
[info] [2024-10-25T07:05:36.661Z] : [react-plugin]: To ignore, add // eslint-disable-next-line to the line before.

[info] [2024-10-25T07:06:38.703Z] : [react-plugin]: Compiling...
[info] [2024-10-25T07:06:42.595Z] : [react-plugin]: Compiled with warnings.

[info] [2024-10-25T07:06:42.601Z] : [react-plugin]: [eslint] 
src\components\Edit\InvoiceEdit.jsx
  Line 615:21:  Redundant alt attribute. Screen-readers already announce `img` tags as an image. You don’t need to use the words `image`, `photo,` or `picture` (or any specified custom words) in the alt prop  jsx-a11y/img-redundant-alt
  Line 626:11:  'handleEditInvoice' is assigned a value but never used                                                                                                                                           no-unused-vars

src\components\Forms\TechnicianStockAdd.jsx
  Line 5:8:    'Swal' is defined but never used                      no-unused-vars
  Line 11:10:  'technicianStock' is assigned a value but never used  no-unused-vars
  Line 12:10:  'sparesData' is assigned a value but never used       no-unused-vars

src\components\Views\ViewInvoice.jsx
  Line 473:8:   React Hook useEffect has a missing dependency: 'fetchData'. Either include it or remove the dependency array  react-hooks/exhaustive-deps
  Line 535:11:  'handleCloseModal' is assigned a value but never used                                                         no-unused-vars

src\components\Views\ViewSpares.jsx
  Line 911:6:  React Hook useEffect has a missing dependency: 'fetchData'. Either include it or remove the dependency array  react-hooks/exhaustive-deps

src\components\Views\ViewTicket.jsx
  Line 694:48:  'Spinner' is defined but never used                                                                                                                                                              no-unused-vars
  Line 714:24:  'setImageLoading' is assigned a value but never used                                                                                                                                             no-unused-vars
  Line 898:9:   'TicketModal' is assigned a value but never used                                                                                                                                                 no-unused-vars
  Line 953:9:   'ImageModal' is assigned a value but never used                                                                                                                                                  no-unused-vars
  Line 969:13:  Redundant alt attribute. Screen-readers already announce `img` tags as an image. You don’t need to use the words `image`, `photo,` or `picture` (or any specified custom words) in the alt prop  jsx-a11y/img-redundant-alt
[info] [2024-10-25T07:06:42.603Z] : [react-plugin]: 
Search for the keywords to learn more about each warning.
[info] [2024-10-25T07:06:42.604Z] : [react-plugin]: To ignore, add // eslint-disable-next-line to the line before.

[info] [2024-10-25T07:09:32.470Z] : [react-plugin]: Compiling...
[info] [2024-10-25T07:09:36.520Z] : [react-plugin]: Compiled with warnings.

[info] [2024-10-25T07:09:36.524Z] : [react-plugin]: [eslint] 
src\components\Edit\InvoiceEdit.jsx
  Line 615:21:  Redundant alt attribute. Screen-readers already announce `img` tags as an image. You don’t need to use the words `image`, `photo,` or `picture` (or any specified custom words) in the alt prop  jsx-a11y/img-redundant-alt
  Line 626:11:  'handleEditInvoice' is assigned a value but never used                                                                                                                                           no-unused-vars

src\components\Forms\TechnicianStockAdd.jsx
  Line 5:8:    'Swal' is defined but never used                      no-unused-vars
  Line 11:10:  'technicianStock' is assigned a value but never used  no-unused-vars
  Line 12:10:  'sparesData' is assigned a value but never used       no-unused-vars

src\components\Views\ViewInvoice.jsx
  Line 473:8:   React Hook useEffect has a missing dependency: 'fetchData'. Either include it or remove the dependency array  react-hooks/exhaustive-deps
  Line 535:11:  'handleCloseModal' is assigned a value but never used                                                         no-unused-vars

src\components\Views\ViewSpares.jsx
  Line 911:8:  React Hook useEffect has a missing dependency: 'fetchData'. Either include it or remove the dependency array  react-hooks/exhaustive-deps

src\components\Views\ViewTicket.jsx
  Line 694:48:  'Spinner' is defined but never used                                                                                                                                                              no-unused-vars
  Line 714:24:  'setImageLoading' is assigned a value but never used                                                                                                                                             no-unused-vars
  Line 898:9:   'TicketModal' is assigned a value but never used                                                                                                                                                 no-unused-vars
  Line 953:9:   'ImageModal' is assigned a value but never used                                                                                                                                                  no-unused-vars
  Line 969:13:  Redundant alt attribute. Screen-readers already announce `img` tags as an image. You don’t need to use the words `image`, `photo,` or `picture` (or any specified custom words) in the alt prop  jsx-a11y/img-redundant-alt
[info] [2024-10-25T07:09:36.525Z] : [react-plugin]: 
Search for the keywords to learn more about each warning.
[info] [2024-10-25T07:09:36.526Z] : [react-plugin]: To ignore, add // eslint-disable-next-line to the line before.

[info] [2024-10-25T07:14:40.742Z] : [react-plugin]: Compiling...
[info] [2024-10-25T07:14:44.872Z] : [react-plugin]: Compiled with warnings.

[info] [2024-10-25T07:14:44.876Z] : [react-plugin]: [eslint] 
src\components\Edit\InvoiceEdit.jsx
  Line 615:21:  Redundant alt attribute. Screen-readers already announce `img` tags as an image. You don’t need to use the words `image`, `photo,` or `picture` (or any specified custom words) in the alt prop  jsx-a11y/img-redundant-alt
  Line 626:11:  'handleEditInvoice' is assigned a value but never used                                                                                                                                           no-unused-vars

src\components\Forms\TechnicianStockAdd.jsx
  Line 5:8:    'Swal' is defined but never used                      no-unused-vars
  Line 11:10:  'technicianStock' is assigned a value but never used  no-unused-vars
  Line 12:10:  'sparesData' is assigned a value but never used       no-unused-vars

src\components\Views\ViewInvoice.jsx
  Line 473:8:   React Hook useEffect has a missing dependency: 'fetchData'. Either include it or remove the dependency array  react-hooks/exhaustive-deps
  Line 535:11:  'handleCloseModal' is assigned a value but never used                                                         no-unused-vars

src\components\Views\ViewSpares.jsx
  Line 911:8:  React Hook useEffect has a missing dependency: 'fetchData'. Either include it or remove the dependency array  react-hooks/exhaustive-deps

src\components\Views\ViewTicket.jsx
  Line 694:48:  'Spinner' is defined but never used                                                                                                                                                              no-unused-vars
  Line 714:24:  'setImageLoading' is assigned a value but never used                                                                                                                                             no-unused-vars
  Line 898:9:   'TicketModal' is assigned a value but never used                                                                                                                                                 no-unused-vars
  Line 953:9:   'ImageModal' is assigned a value but never used                                                                                                                                                  no-unused-vars
  Line 969:13:  Redundant alt attribute. Screen-readers already announce `img` tags as an image. You don’t need to use the words `image`, `photo,` or `picture` (or any specified custom words) in the alt prop  jsx-a11y/img-redundant-alt
[info] [2024-10-25T07:14:44.877Z] : [react-plugin]: 
Search for the keywords to learn more about each warning.
[info] [2024-10-25T07:14:44.878Z] : [react-plugin]: To ignore, add // eslint-disable-next-line to the line before.

[info] [2024-10-25T07:15:35.777Z] : [react-plugin]: Compiling...
[info] [2024-10-25T07:15:38.232Z] : [react-plugin]: Compiled with warnings.

[info] [2024-10-25T07:15:38.235Z] : [react-plugin]: [eslint] 
src\components\Edit\InvoiceEdit.jsx
  Line 615:21:  Redundant alt attribute. Screen-readers already announce `img` tags as an image. You don’t need to use the words `image`, `photo,` or `picture` (or any specified custom words) in the alt prop  jsx-a11y/img-redundant-alt
  Line 626:11:  'handleEditInvoice' is assigned a value but never used                                                                                                                                           no-unused-vars

src\components\Forms\TechnicianStockAdd.jsx
  Line 5:8:    'Swal' is defined but never used                      no-unused-vars
  Line 11:10:  'technicianStock' is assigned a value but never used  no-unused-vars
  Line 12:10:  'sparesData' is assigned a value but never used       no-unused-vars

src\components\Views\ViewInvoice.jsx
  Line 473:8:   React Hook useEffect has a missing dependency: 'fetchData'. Either include it or remove the dependency array  react-hooks/exhaustive-deps
  Line 535:11:  'handleCloseModal' is assigned a value but never used                                                         no-unused-vars

src\components\Views\ViewSpares.jsx
  Line 911:8:  React Hook useEffect has a missing dependency: 'fetchData'. Either include it or remove the dependency array  react-hooks/exhaustive-deps

src\components\Views\ViewTicket.jsx
  Line 694:48:  'Spinner' is defined but never used                                                                                                                                                              no-unused-vars
  Line 714:24:  'setImageLoading' is assigned a value but never used                                                                                                                                             no-unused-vars
  Line 898:9:   'TicketModal' is assigned a value but never used                                                                                                                                                 no-unused-vars
  Line 953:9:   'ImageModal' is assigned a value but never used                                                                                                                                                  no-unused-vars
  Line 969:13:  Redundant alt attribute. Screen-readers already announce `img` tags as an image. You don’t need to use the words `image`, `photo,` or `picture` (or any specified custom words) in the alt prop  jsx-a11y/img-redundant-alt
[info] [2024-10-25T07:15:38.237Z] : [react-plugin]: 
Search for the keywords to learn more about each warning.
[info] [2024-10-25T07:15:38.239Z] : [react-plugin]: To ignore, add // eslint-disable-next-line to the line before.

[info] [2024-10-25T07:29:42.571Z] : [react-plugin]: Compiling...
[info] [2024-10-25T07:29:46.701Z] : [react-plugin]: Failed to compile.

[info] [2024-10-25T07:29:46.701Z] : [react-plugin]: [eslint] 
src\components\Views\ViewSpares.jsx
  Line 1041:30:  'tstockData' is not defined  no-undef

Search for the keywords to learn more about each error.
[info] [2024-10-25T07:30:24.798Z] : [react-plugin]: Compiling...
[info] [2024-10-25T07:30:27.978Z] : [react-plugin]: Compiled with warnings.

[info] [2024-10-25T07:30:27.982Z] : [react-plugin]: [eslint] 
src\components\Edit\InvoiceEdit.jsx
  Line 615:21:  Redundant alt attribute. Screen-readers already announce `img` tags as an image. You don’t need to use the words `image`, `photo,` or `picture` (or any specified custom words) in the alt prop  jsx-a11y/img-redundant-alt
  Line 626:11:  'handleEditInvoice' is assigned a value but never used                                                                                                                                           no-unused-vars

src\components\Forms\TechnicianStockAdd.jsx
  Line 5:8:    'Swal' is defined but never used                      no-unused-vars
  Line 11:10:  'technicianStock' is assigned a value but never used  no-unused-vars
  Line 12:10:  'sparesData' is assigned a value but never used       no-unused-vars

src\components\Views\ViewInvoice.jsx
  Line 473:8:   React Hook useEffect has a missing dependency: 'fetchData'. Either include it or remove the dependency array  react-hooks/exhaustive-deps
  Line 535:11:  'handleCloseModal' is assigned a value but never used                                                         no-unused-vars

src\components\Views\ViewSpares.jsx
  Line 911:8:  React Hook useEffect has a missing dependency: 'fetchData'. Either include it or remove the dependency array  react-hooks/exhaustive-deps

src\components\Views\ViewTicket.jsx
  Line 694:48:  'Spinner' is defined but never used                                                                                                                                                              no-unused-vars
  Line 714:24:  'setImageLoading' is assigned a value but never used                                                                                                                                             no-unused-vars
  Line 898:9:   'TicketModal' is assigned a value but never used                                                                                                                                                 no-unused-vars
  Line 953:9:   'ImageModal' is assigned a value but never used                                                                                                                                                  no-unused-vars
  Line 969:13:  Redundant alt attribute. Screen-readers already announce `img` tags as an image. You don’t need to use the words `image`, `photo,` or `picture` (or any specified custom words) in the alt prop  jsx-a11y/img-redundant-alt
[info] [2024-10-25T07:30:27.983Z] : [react-plugin]: 
Search for the keywords to learn more about each warning.
[info] [2024-10-25T07:30:27.984Z] : [react-plugin]: To ignore, add // eslint-disable-next-line to the line before.

[info] [2024-10-25T07:34:57.452Z] : [react-plugin]: Compiling...
[info] [2024-10-25T07:35:01.595Z] : [react-plugin]: Compiled with warnings.

[info] [2024-10-25T07:35:01.599Z] : [react-plugin]: [eslint] 
src\components\Edit\InvoiceEdit.jsx
  Line 615:21:  Redundant alt attribute. Screen-readers already announce `img` tags as an image. You don’t need to use the words `image`, `photo,` or `picture` (or any specified custom words) in the alt prop  jsx-a11y/img-redundant-alt
  Line 626:11:  'handleEditInvoice' is assigned a value but never used                                                                                                                                           no-unused-vars

src\components\Forms\TechnicianStockAdd.jsx
  Line 5:8:    'Swal' is defined but never used                      no-unused-vars
  Line 11:10:  'technicianStock' is assigned a value but never used  no-unused-vars
  Line 12:10:  'sparesData' is assigned a value but never used       no-unused-vars

src\components\Views\ViewInvoice.jsx
  Line 473:8:   React Hook useEffect has a missing dependency: 'fetchData'. Either include it or remove the dependency array  react-hooks/exhaustive-deps
  Line 535:11:  'handleCloseModal' is assigned a value but never used                                                         no-unused-vars

src\components\Views\ViewSpares.jsx
  Line 911:8:  React Hook useEffect has a missing dependency: 'fetchData'. Either include it or remove the dependency array  react-hooks/exhaustive-deps

src\components\Views\ViewTicket.jsx
  Line 694:48:  'Spinner' is defined but never used                                                                                                                                                              no-unused-vars
  Line 714:24:  'setImageLoading' is assigned a value but never used                                                                                                                                             no-unused-vars
  Line 898:9:   'TicketModal' is assigned a value but never used                                                                                                                                                 no-unused-vars
  Line 953:9:   'ImageModal' is assigned a value but never used                                                                                                                                                  no-unused-vars
  Line 969:13:  Redundant alt attribute. Screen-readers already announce `img` tags as an image. You don’t need to use the words `image`, `photo,` or `picture` (or any specified custom words) in the alt prop  jsx-a11y/img-redundant-alt
[info] [2024-10-25T07:35:01.599Z] : [react-plugin]: 
Search for the keywords to learn more about each warning.
[info] [2024-10-25T07:35:01.600Z] : [react-plugin]: To ignore, add // eslint-disable-next-line to the line before.

[info] [2024-10-25T07:41:07.030Z] : [react-plugin]: Compiling...
[info] [2024-10-25T07:41:11.014Z] : [react-plugin]: Failed to compile.

[info] [2024-10-25T07:41:11.014Z] : [react-plugin]: Module not found: Error: Can't resolve '@mui/x-date-pickers/AdapterDateFns' in 'C:\catalyst projects\water heater 2\react-app\src\components\Edit'
[info] [2024-10-25T07:43:46.979Z] : [react-plugin]: Compiling...
[info] [2024-10-25T07:43:50.816Z] : [react-plugin]: Compiled with warnings.

[info] [2024-10-25T07:43:50.820Z] : [react-plugin]: [eslint] 
src\components\Edit\InvoiceEdit.jsx
  Line 615:21:  Redundant alt attribute. Screen-readers already announce `img` tags as an image. You don’t need to use the words `image`, `photo,` or `picture` (or any specified custom words) in the alt prop  jsx-a11y/img-redundant-alt
  Line 626:11:  'handleEditInvoice' is assigned a value but never used                                                                                                                                           no-unused-vars

src\components\Forms\TechnicianStockAdd.jsx
  Line 5:8:    'Swal' is defined but never used                      no-unused-vars
  Line 11:10:  'technicianStock' is assigned a value but never used  no-unused-vars
  Line 12:10:  'sparesData' is assigned a value but never used       no-unused-vars

src\components\Views\ViewInvoice.jsx
  Line 473:8:   React Hook useEffect has a missing dependency: 'fetchData'. Either include it or remove the dependency array  react-hooks/exhaustive-deps
  Line 535:11:  'handleCloseModal' is assigned a value but never used                                                         no-unused-vars

src\components\Views\ViewSpares.jsx
  Line 911:8:  React Hook useEffect has a missing dependency: 'fetchData'. Either include it or remove the dependency array  react-hooks/exhaustive-deps

src\components\Views\ViewTicket.jsx
  Line 694:48:  'Spinner' is defined but never used                                                                                                                                                              no-unused-vars
  Line 714:24:  'setImageLoading' is assigned a value but never used                                                                                                                                             no-unused-vars
  Line 898:9:   'TicketModal' is assigned a value but never used                                                                                                                                                 no-unused-vars
  Line 953:9:   'ImageModal' is assigned a value but never used                                                                                                                                                  no-unused-vars
  Line 969:13:  Redundant alt attribute. Screen-readers already announce `img` tags as an image. You don’t need to use the words `image`, `photo,` or `picture` (or any specified custom words) in the alt prop  jsx-a11y/img-redundant-alt
[info] [2024-10-25T07:43:50.821Z] : [react-plugin]: 
Search for the keywords to learn more about each warning.
[info] [2024-10-25T07:43:50.822Z] : [react-plugin]: To ignore, add // eslint-disable-next-line to the line before.

[debug] [2024-10-25T07:43:51.365Z] : > refreshing access token <
[debug] [2024-10-25T07:43:51.370Z] : >>>> HTTP REQUEST : POST https://accounts.zoho.com/oauth/v2/token 
<request body omitted>

[debug] [2024-10-25T07:43:52.955Z] : <<<< HTTP RESPONSE : 200
Response Headers: {"server":"ZGS","date":"Fri, 25 Oct 2024 07:43:52 GMT","content-type":"application/json;charset=UTF-8","content-length":"1949","connection":"keep-alive","set-cookie":["zalb_b266a5bf57=9f371135a524e2d1f51eb9f41fa26c60; Path=/; Secure; HttpOnly","iamcsr=7d7bea12-069a-444d-99a5-bf0f650966a8;path=/;SameSite=None;Secure;priority=high","_zcsr_tmp=7d7bea12-069a-444d-99a5-bf0f650966a8;path=/;SameSite=Strict;Secure;priority=high"],"cache-control":"no-store","x-content-type-options":"nosniff","pragma":"no-cache","x-frame-options":"SAMEORIGIN","vary":"accept-encoding","content-language":"en-US","strict-transport-security":"max-age=63072000"}

[info] [2024-10-25T08:06:22.470Z] : [react-plugin]: Compiling...
[info] [2024-10-25T08:06:26.383Z] : [react-plugin]: Compiled with warnings.

[info] [2024-10-25T08:06:26.387Z] : [react-plugin]: [eslint] 
src\components\Edit\InvoiceEdit.jsx
  Line 615:21:  Redundant alt attribute. Screen-readers already announce `img` tags as an image. You don’t need to use the words `image`, `photo,` or `picture` (or any specified custom words) in the alt prop  jsx-a11y/img-redundant-alt
  Line 626:11:  'handleEditInvoice' is assigned a value but never used                                                                                                                                           no-unused-vars

src\components\Forms\TechnicianStockAdd.jsx
  Line 5:8:    'Swal' is defined but never used                      no-unused-vars
  Line 11:10:  'technicianStock' is assigned a value but never used  no-unused-vars
  Line 12:10:  'sparesData' is assigned a value but never used       no-unused-vars

src\components\Views\ViewInvoice.jsx
  Line 473:8:   React Hook useEffect has a missing dependency: 'fetchData'. Either include it or remove the dependency array  react-hooks/exhaustive-deps
  Line 535:11:  'handleCloseModal' is assigned a value but never used                                                         no-unused-vars

src\components\Views\ViewSpares.jsx
  Line 911:8:  React Hook useEffect has a missing dependency: 'fetchData'. Either include it or remove the dependency array  react-hooks/exhaustive-deps

src\components\Views\ViewTicket.jsx
  Line 694:48:  'Spinner' is defined but never used                                                                                                                                                              no-unused-vars
  Line 714:24:  'setImageLoading' is assigned a value but never used                                                                                                                                             no-unused-vars
  Line 898:9:   'TicketModal' is assigned a value but never used                                                                                                                                                 no-unused-vars
  Line 953:9:   'ImageModal' is assigned a value but never used                                                                                                                                                  no-unused-vars
  Line 969:13:  Redundant alt attribute. Screen-readers already announce `img` tags as an image. You don’t need to use the words `image`, `photo,` or `picture` (or any specified custom words) in the alt prop  jsx-a11y/img-redundant-alt
[info] [2024-10-25T08:06:26.388Z] : [react-plugin]: 
Search for the keywords to learn more about each warning.
[info] [2024-10-25T08:06:26.389Z] : [react-plugin]: To ignore, add // eslint-disable-next-line to the line before.

[info] [2024-10-25T08:09:06.204Z] : [react-plugin]: Compiling...
[info] [2024-10-25T08:09:10.065Z] : [react-plugin]: Compiled with warnings.

[info] [2024-10-25T08:09:10.070Z] : [react-plugin]: [eslint] 
src\components\Edit\InvoiceEdit.jsx
  Line 615:21:  Redundant alt attribute. Screen-readers already announce `img` tags as an image. You don’t need to use the words `image`, `photo,` or `picture` (or any specified custom words) in the alt prop  jsx-a11y/img-redundant-alt
  Line 626:11:  'handleEditInvoice' is assigned a value but never used                                                                                                                                           no-unused-vars

src\components\Edit\TicketEdit.jsx
  Line 12:3:  'Divider' is defined but never used  no-unused-vars

src\components\Forms\TechnicianStockAdd.jsx
  Line 5:8:    'Swal' is defined but never used                      no-unused-vars
  Line 11:10:  'technicianStock' is assigned a value but never used  no-unused-vars
  Line 12:10:  'sparesData' is assigned a value but never used       no-unused-vars

src\components\Views\ViewInvoice.jsx
  Line 473:8:   React Hook useEffect has a missing dependency: 'fetchData'. Either include it or remove the dependency array  react-hooks/exhaustive-deps
  Line 535:11:  'handleCloseModal' is assigned a value but never used                                                         no-unused-vars

src\components\Views\ViewSpares.jsx
  Line 911:8:  React Hook useEffect has a missing dependency: 'fetchData'. Either include it or remove the dependency array  react-hooks/exhaustive-deps

src\components\Views\ViewTicket.jsx
  Line 694:48:  'Spinner' is defined but never used                                                                                                                                                              no-unused-vars
  Line 714:24:  'setImageLoading' is assigned a value but never used                                                                                                                                             no-unused-vars
  Line 898:9:   'TicketModal' is assigned a value but never used                                                                                                                                                 no-unused-vars
  Line 953:9:   'ImageModal' is assigned a value but never used                                                                                                                                                  no-unused-vars
  Line 969:13:  Redundant alt attribute. Screen-readers already announce `img` tags as an image. You don’t need to use the words `image`, `photo,` or `picture` (or any specified custom words) in the alt prop  jsx-a11y/img-redundant-alt
[info] [2024-10-25T08:09:10.071Z] : [react-plugin]: 
Search for the keywords to learn more about each warning.
[info] [2024-10-25T08:09:10.072Z] : [react-plugin]: To ignore, add // eslint-disable-next-line to the line before.

[info] [2024-10-25T08:15:36.537Z] : [react-plugin]: Compiling...
[info] [2024-10-25T08:15:40.506Z] : [react-plugin]: Compiled with warnings.

[info] [2024-10-25T08:15:40.510Z] : [react-plugin]: [eslint] 
src\components\Edit\InvoiceEdit.jsx
  Line 615:21:  Redundant alt attribute. Screen-readers already announce `img` tags as an image. You don’t need to use the words `image`, `photo,` or `picture` (or any specified custom words) in the alt prop  jsx-a11y/img-redundant-alt
  Line 626:11:  'handleEditInvoice' is assigned a value but never used                                                                                                                                           no-unused-vars

src\components\Edit\TicketEdit.jsx
  Line 12:3:  'Divider' is defined but never used  no-unused-vars

src\components\Forms\TechnicianStockAdd.jsx
  Line 5:8:    'Swal' is defined but never used                      no-unused-vars
  Line 11:10:  'technicianStock' is assigned a value but never used  no-unused-vars
  Line 12:10:  'sparesData' is assigned a value but never used       no-unused-vars

src\components\Views\ViewInvoice.jsx
  Line 473:8:   React Hook useEffect has a missing dependency: 'fetchData'. Either include it or remove the dependency array  react-hooks/exhaustive-deps
  Line 535:11:  'handleCloseModal' is assigned a value but never used                                                         no-unused-vars

src\components\Views\ViewSpares.jsx
  Line 911:8:  React Hook useEffect has a missing dependency: 'fetchData'. Either include it or remove the dependency array  react-hooks/exhaustive-deps

src\components\Views\ViewTicket.jsx
  Line 694:48:  'Spinner' is defined but never used                                                                                                                                                              no-unused-vars
  Line 714:24:  'setImageLoading' is assigned a value but never used                                                                                                                                             no-unused-vars
  Line 898:9:   'TicketModal' is assigned a value but never used                                                                                                                                                 no-unused-vars
  Line 953:9:   'ImageModal' is assigned a value but never used                                                                                                                                                  no-unused-vars
  Line 969:13:  Redundant alt attribute. Screen-readers already announce `img` tags as an image. You don’t need to use the words `image`, `photo,` or `picture` (or any specified custom words) in the alt prop  jsx-a11y/img-redundant-alt
[info] [2024-10-25T08:15:40.511Z] : [react-plugin]: 
Search for the keywords to learn more about each warning.
[info] [2024-10-25T08:15:40.511Z] : [react-plugin]: To ignore, add // eslint-disable-next-line to the line before.

[info] [2024-10-25T08:19:45.219Z] : [react-plugin]: Compiling...
[info] [2024-10-25T08:19:49.512Z] : [react-plugin]: Compiled with warnings.

[info] [2024-10-25T08:19:49.517Z] : [react-plugin]: [eslint] 
src\components\Edit\InvoiceEdit.jsx
  Line 615:21:  Redundant alt attribute. Screen-readers already announce `img` tags as an image. You don’t need to use the words `image`, `photo,` or `picture` (or any specified custom words) in the alt prop  jsx-a11y/img-redundant-alt
  Line 626:11:  'handleEditInvoice' is assigned a value but never used                                                                                                                                           no-unused-vars

src\components\Edit\TicketEdit.jsx
  Line 12:3:  'Divider' is defined but never used  no-unused-vars

src\components\Forms\TechnicianStockAdd.jsx
  Line 5:8:    'Swal' is defined but never used                      no-unused-vars
  Line 11:10:  'technicianStock' is assigned a value but never used  no-unused-vars
  Line 12:10:  'sparesData' is assigned a value but never used       no-unused-vars

src\components\Views\ViewInvoice.jsx
  Line 473:8:   React Hook useEffect has a missing dependency: 'fetchData'. Either include it or remove the dependency array  react-hooks/exhaustive-deps
  Line 535:11:  'handleCloseModal' is assigned a value but never used                                                         no-unused-vars

src\components\Views\ViewSpares.jsx
  Line 911:8:  React Hook useEffect has a missing dependency: 'fetchData'. Either include it or remove the dependency array  react-hooks/exhaustive-deps

src\components\Views\ViewTicket.jsx
  Line 694:48:  'Spinner' is defined but never used                                                                                                                                                              no-unused-vars
  Line 714:24:  'setImageLoading' is assigned a value but never used                                                                                                                                             no-unused-vars
  Line 898:9:   'TicketModal' is assigned a value but never used                                                                                                                                                 no-unused-vars
  Line 953:9:   'ImageModal' is assigned a value but never used                                                                                                                                                  no-unused-vars
  Line 969:13:  Redundant alt attribute. Screen-readers already announce `img` tags as an image. You don’t need to use the words `image`, `photo,` or `picture` (or any specified custom words) in the alt prop  jsx-a11y/img-redundant-alt
[info] [2024-10-25T08:19:49.518Z] : [react-plugin]: 
Search for the keywords to learn more about each warning.
[info] [2024-10-25T08:19:49.519Z] : [react-plugin]: To ignore, add // eslint-disable-next-line to the line before.

[debug] [2024-10-25T09:19:39.958Z] : > refreshing access token <
[debug] [2024-10-25T09:19:39.966Z] : >>>> HTTP REQUEST : POST https://accounts.zoho.com/oauth/v2/token 
<request body omitted>

[debug] [2024-10-25T09:19:41.020Z] : <<<< HTTP RESPONSE : 200
Response Headers: {"server":"ZGS","date":"Fri, 25 Oct 2024 09:19:41 GMT","content-type":"application/json;charset=UTF-8","content-length":"1949","connection":"keep-alive","set-cookie":["zalb_b266a5bf57=a7f15cb1555106de5ac96d088b72e7c8; Path=/; Secure; HttpOnly","iamcsr=caeb8356-9e8c-4cbc-bb7a-948eafad747f;path=/;SameSite=None;Secure;priority=high","_zcsr_tmp=caeb8356-9e8c-4cbc-bb7a-948eafad747f;path=/;SameSite=Strict;Secure;priority=high"],"cache-control":"no-store","x-content-type-options":"nosniff","pragma":"no-cache","x-frame-options":"SAMEORIGIN","vary":"accept-encoding","content-language":"en-US","strict-transport-security":"max-age=63072000"}

[debug] [2024-10-25T11:09:48.072Z] : > refreshing access token <
[debug] [2024-10-25T11:09:48.076Z] : >>>> HTTP REQUEST : POST https://accounts.zoho.com/oauth/v2/token 
<request body omitted>

[debug] [2024-10-25T11:09:49.115Z] : <<<< HTTP RESPONSE : 200
Response Headers: {"server":"ZGS","date":"Fri, 25 Oct 2024 11:09:49 GMT","content-type":"application/json;charset=UTF-8","content-length":"1949","connection":"keep-alive","set-cookie":["zalb_b266a5bf57=a711b6da0e6cbadb5e254290f114a026; Path=/; Secure; HttpOnly","iamcsr=3e7fd9cd-759e-4701-ba37-1e42f5d1f2d3;path=/;SameSite=None;Secure;priority=high","_zcsr_tmp=3e7fd9cd-759e-4701-ba37-1e42f5d1f2d3;path=/;SameSite=Strict;Secure;priority=high"],"cache-control":"no-store","x-content-type-options":"nosniff","pragma":"no-cache","x-frame-options":"SAMEORIGIN","vary":"accept-encoding","content-language":"en-US","strict-transport-security":"max-age=63072000"}

[info] [2024-10-25T11:37:16.271Z] : [react-plugin]: Compiling...
[info] [2024-10-25T11:37:22.130Z] : [react-plugin]: Compiled with warnings.

[info] [2024-10-25T11:37:22.140Z] : [react-plugin]: [eslint] 
src\components\Edit\InvoiceEdit.jsx
  Line 615:21:  Redundant alt attribute. Screen-readers already announce `img` tags as an image. You don’t need to use the words `image`, `photo,` or `picture` (or any specified custom words) in the alt prop  jsx-a11y/img-redundant-alt
  Line 626:11:  'handleEditInvoice' is assigned a value but never used                                                                                                                                           no-unused-vars

src\components\Edit\TicketEdit.jsx
  Line 12:3:  'Divider' is defined but never used  no-unused-vars

src\components\Forms\InvoiceForm.jsx
  Line 1550:25:  'setTicketRowId' is assigned a value but never used                                                           no-unused-vars
  Line 1566:12:  'signature' is assigned a value but never used                                                                no-unused-vars
  Line 1567:21:  'setLoading' is assigned a value but never used                                                               no-unused-vars
  Line 1610:8:   React Hook useEffect has a missing dependency: 'roleEmail'. Either include it or remove the dependency array  react-hooks/exhaustive-deps
  Line 1684:19:  'availableQuantity' is assigned a value but never used                                                        no-unused-vars

src\components\Forms\TechnicianStockAdd.jsx
  Line 5:8:    'Swal' is defined but never used                      no-unused-vars
  Line 11:10:  'technicianStock' is assigned a value but never used  no-unused-vars
  Line 12:10:  'sparesData' is assigned a value but never used       no-unused-vars

src\components\Views\ViewInvoice.jsx
  Line 473:8:   React Hook useEffect has a missing dependency: 'fetchData'. Either include it or remove the dependency array  react-hooks/exhaustive-deps
  Line 535:11:  'handleCloseModal' is assigned a value but never used                                                         no-unused-vars

src\components\Views\ViewSpares.jsx
  Line 911:8:  React Hook useEffect has a missing dependency: 'fetchData'. Either include it or remove the dependency array  react-hooks/exhaustive-deps

src\components\Views\ViewTicket.jsx
  Line 694:48:  'Spinner' is defined but never used                                                                                                                                                              no-unused-vars
  Line 714:24:  'setImageLoading' is assigned a value but never used                                                                                                                                             no-unused-vars
  Line 898:9:   'TicketModal' is assigned a value but never used                                                                                                                                                 no-unused-vars
  Line 953:9:   'ImageModal' is assigned a value but never used                                                                                                                                                  no-unused-vars
  Line 969:13:  Redundant alt attribute. Screen-readers already announce `img` tags as an image. You don’t need to use the words `image`, `photo,` or `picture` (or any specified custom words) in the alt prop  jsx-a11y/img-redundant-alt
[info] [2024-10-25T11:37:22.142Z] : [react-plugin]: 
Search for the keywords to learn more about each warning.
[info] [2024-10-25T11:37:22.145Z] : [react-plugin]: To ignore, add // eslint-disable-next-line to the line before.

[info] [2024-10-25T11:39:39.317Z] : [react-plugin]: Compiling...
[info] [2024-10-25T11:39:42.121Z] : [react-plugin]: Compiled with warnings.

[info] [2024-10-25T11:39:42.125Z] : [react-plugin]: [eslint] 
src\components\Edit\InvoiceEdit.jsx
  Line 615:21:  Redundant alt attribute. Screen-readers already announce `img` tags as an image. You don’t need to use the words `image`, `photo,` or `picture` (or any specified custom words) in the alt prop  jsx-a11y/img-redundant-alt
  Line 626:11:  'handleEditInvoice' is assigned a value but never used                                                                                                                                           no-unused-vars

src\components\Edit\TicketEdit.jsx
  Line 12:3:  'Divider' is defined but never used  no-unused-vars

src\components\Forms\InvoiceForm.jsx
  Line 1550:25:  'setTicketRowId' is assigned a value but never used                                                           no-unused-vars
  Line 1566:12:  'signature' is assigned a value but never used                                                                no-unused-vars
  Line 1567:21:  'setLoading' is assigned a value but never used                                                               no-unused-vars
  Line 1610:8:   React Hook useEffect has a missing dependency: 'roleEmail'. Either include it or remove the dependency array  react-hooks/exhaustive-deps
  Line 1684:19:  'availableQuantity' is assigned a value but never used                                                        no-unused-vars

src\components\Forms\TechnicianStockAdd.jsx
  Line 5:8:    'Swal' is defined but never used                      no-unused-vars
  Line 11:10:  'technicianStock' is assigned a value but never used  no-unused-vars
  Line 12:10:  'sparesData' is assigned a value but never used       no-unused-vars

src\components\Views\ViewInvoice.jsx
  Line 473:8:   React Hook useEffect has a missing dependency: 'fetchData'. Either include it or remove the dependency array  react-hooks/exhaustive-deps
  Line 535:11:  'handleCloseModal' is assigned a value but never used                                                         no-unused-vars

src\components\Views\ViewSpares.jsx
  Line 911:8:  React Hook useEffect has a missing dependency: 'fetchData'. Either include it or remove the dependency array  react-hooks/exhaustive-deps

src\components\Views\ViewTicket.jsx
  Line 694:48:  'Spinner' is defined but never used                                                                                                                                                              no-unused-vars
  Line 714:24:  'setImageLoading' is assigned a value but never used                                                                                                                                             no-unused-vars
  Line 898:9:   'TicketModal' is assigned a value but never used                                                                                                                                                 no-unused-vars
  Line 953:9:   'ImageModal' is assigned a value but never used                                                                                                                                                  no-unused-vars
  Line 969:13:  Redundant alt attribute. Screen-readers already announce `img` tags as an image. You don’t need to use the words `image`, `photo,` or `picture` (or any specified custom words) in the alt prop  jsx-a11y/img-redundant-alt
[info] [2024-10-25T11:39:42.126Z] : [react-plugin]: 
Search for the keywords to learn more about each warning.
[info] [2024-10-25T11:39:42.126Z] : [react-plugin]: To ignore, add // eslint-disable-next-line to the line before.

[info] [2024-10-25T12:01:15.807Z] : [react-plugin]: Compiling...
[info] [2024-10-25T12:01:18.339Z] : [react-plugin]: Compiled with warnings.

[info] [2024-10-25T12:01:18.343Z] : [react-plugin]: [eslint] 
src\components\Edit\InvoiceEdit.jsx
  Line 615:21:  Redundant alt attribute. Screen-readers already announce `img` tags as an image. You don’t need to use the words `image`, `photo,` or `picture` (or any specified custom words) in the alt prop  jsx-a11y/img-redundant-alt
  Line 626:11:  'handleEditInvoice' is assigned a value but never used                                                                                                                                           no-unused-vars

src\components\Edit\TicketEdit.jsx
  Line 12:3:  'Divider' is defined but never used  no-unused-vars

src\components\Forms\InvoiceForm.jsx
  Line 1550:25:  'setTicketRowId' is assigned a value but never used                                                           no-unused-vars
  Line 1566:12:  'signature' is assigned a value but never used                                                                no-unused-vars
  Line 1567:21:  'setLoading' is assigned a value but never used                                                               no-unused-vars
  Line 1610:8:   React Hook useEffect has a missing dependency: 'roleEmail'. Either include it or remove the dependency array  react-hooks/exhaustive-deps
  Line 1684:19:  'availableQuantity' is assigned a value but never used                                                        no-unused-vars
  Line 1754:50:  Array.prototype.map() expects a value to be returned at the end of arrow function                             array-callback-return
  Line 1756:36:  Expected '!==' and instead saw '!='                                                                           eqeqeq
  Line 1756:56:  Expected '!==' and instead saw '!='                                                                           eqeqeq
  Line 1756:80:  Expected '!==' and instead saw '!='                                                                           eqeqeq

src\components\Forms\TechnicianStockAdd.jsx
  Line 5:8:    'Swal' is defined but never used                      no-unused-vars
  Line 11:10:  'technicianStock' is assigned a value but never used  no-unused-vars
  Line 12:10:  'sparesData' is assigned a value but never used       no-unused-vars

src\components\Views\ViewInvoice.jsx
  Line 473:8:   React Hook useEffect has a missing dependency: 'fetchData'. Either include it or remove the dependency array  react-hooks/exhaustive-deps
  Line 535:11:  'handleCloseModal' is assigned a value but never used                                                         no-unused-vars

src\components\Views\ViewSpares.jsx
  Line 911:8:  React Hook useEffect has a missing dependency: 'fetchData'. Either include it or remove the dependency array  react-hooks/exhaustive-deps

src\components\Views\ViewTicket.jsx
  Line 694:48:  'Spinner' is defined but never used                                                                                                                                                              no-unused-vars
  Line 714:24:  'setImageLoading' is assigned a value but never used                                                                                                                                             no-unused-vars
  Line 898:9:   'TicketModal' is assigned a value but never used                                                                                                                                                 no-unused-vars
  Line 953:9:   'ImageModal' is assigned a value but never used                                                                                                                                                  no-unused-vars
  Line 969:13:  Redundant alt attribute. Screen-readers already announce `img` tags as an image. You don’t need to use the words `image`, `photo,` or `picture` (or any specified custom words) in the alt prop  jsx-a11y/img-redundant-alt
[info] [2024-10-25T12:01:18.344Z] : [react-plugin]: 
Search for the keywords to learn more about each warning.
[info] [2024-10-25T12:01:18.345Z] : [react-plugin]: To ignore, add // eslint-disable-next-line to the line before.

[info] [2024-10-25T12:02:51.851Z] : [react-plugin]: Compiling...
[info] [2024-10-25T12:02:54.557Z] : [react-plugin]: Compiled with warnings.

[info] [2024-10-25T12:02:54.561Z] : [react-plugin]: [eslint] 
src\components\Edit\InvoiceEdit.jsx
  Line 615:21:  Redundant alt attribute. Screen-readers already announce `img` tags as an image. You don’t need to use the words `image`, `photo,` or `picture` (or any specified custom words) in the alt prop  jsx-a11y/img-redundant-alt
  Line 626:11:  'handleEditInvoice' is assigned a value but never used                                                                                                                                           no-unused-vars

src\components\Edit\TicketEdit.jsx
  Line 12:3:  'Divider' is defined but never used  no-unused-vars

src\components\Forms\InvoiceForm.jsx
  Line 1550:25:  'setTicketRowId' is assigned a value but never used                                                           no-unused-vars
  Line 1566:12:  'signature' is assigned a value but never used                                                                no-unused-vars
  Line 1567:21:  'setLoading' is assigned a value but never used                                                               no-unused-vars
  Line 1610:8:   React Hook useEffect has a missing dependency: 'roleEmail'. Either include it or remove the dependency array  react-hooks/exhaustive-deps
  Line 1684:19:  'availableQuantity' is assigned a value but never used                                                        no-unused-vars
  Line 1754:50:  Array.prototype.map() expects a value to be returned at the end of arrow function                             array-callback-return
  Line 1756:36:  Expected '!==' and instead saw '!='                                                                           eqeqeq
  Line 1756:56:  Expected '!==' and instead saw '!='                                                                           eqeqeq
  Line 1756:80:  Expected '!==' and instead saw '!='                                                                           eqeqeq

src\components\Forms\TechnicianStockAdd.jsx
  Line 5:8:    'Swal' is defined but never used                      no-unused-vars
  Line 11:10:  'technicianStock' is assigned a value but never used  no-unused-vars
  Line 12:10:  'sparesData' is assigned a value but never used       no-unused-vars

src\components\Views\ViewInvoice.jsx
  Line 473:8:   React Hook useEffect has a missing dependency: 'fetchData'. Either include it or remove the dependency array  react-hooks/exhaustive-deps
  Line 535:11:  'handleCloseModal' is assigned a value but never used                                                         no-unused-vars

src\components\Views\ViewSpares.jsx
  Line 911:8:  React Hook useEffect has a missing dependency: 'fetchData'. Either include it or remove the dependency array  react-hooks/exhaustive-deps

src\components\Views\ViewTicket.jsx
  Line 694:48:  'Spinner' is defined but never used                                                                                                                                                              no-unused-vars
  Line 714:24:  'setImageLoading' is assigned a value but never used                                                                                                                                             no-unused-vars
  Line 898:9:   'TicketModal' is assigned a value but never used                                                                                                                                                 no-unused-vars
  Line 953:9:   'ImageModal' is assigned a value but never used                                                                                                                                                  no-unused-vars
  Line 969:13:  Redundant alt attribute. Screen-readers already announce `img` tags as an image. You don’t need to use the words `image`, `photo,` or `picture` (or any specified custom words) in the alt prop  jsx-a11y/img-redundant-alt
[info] [2024-10-25T12:02:54.562Z] : [react-plugin]: 
Search for the keywords to learn more about each warning.
[info] [2024-10-25T12:02:54.563Z] : [react-plugin]: To ignore, add // eslint-disable-next-line to the line before.

[info] [2024-10-25T12:10:20.984Z] : [react-plugin]: Compiling...
[info] [2024-10-25T12:10:22.543Z] : [react-plugin]: Compiled with warnings.

[info] [2024-10-25T12:10:22.548Z] : [react-plugin]: [eslint] 
src\components\Edit\InvoiceEdit.jsx
  Line 615:21:  Redundant alt attribute. Screen-readers already announce `img` tags as an image. You don’t need to use the words `image`, `photo,` or `picture` (or any specified custom words) in the alt prop  jsx-a11y/img-redundant-alt
  Line 626:11:  'handleEditInvoice' is assigned a value but never used                                                                                                                                           no-unused-vars

src\components\Edit\TicketEdit.jsx
  Line 12:3:  'Divider' is defined but never used  no-unused-vars

src\components\Forms\InvoiceForm.jsx
  Line 1550:25:  'setTicketRowId' is assigned a value but never used                                                           no-unused-vars
  Line 1566:12:  'signature' is assigned a value but never used                                                                no-unused-vars
  Line 1567:21:  'setLoading' is assigned a value but never used                                                               no-unused-vars
  Line 1610:8:   React Hook useEffect has a missing dependency: 'roleEmail'. Either include it or remove the dependency array  react-hooks/exhaustive-deps
  Line 1684:19:  'availableQuantity' is assigned a value but never used                                                        no-unused-vars
  Line 1754:50:  Array.prototype.map() expects a value to be returned at the end of arrow function                             array-callback-return
  Line 1756:36:  Expected '!==' and instead saw '!='                                                                           eqeqeq
  Line 1756:56:  Expected '!==' and instead saw '!='                                                                           eqeqeq
  Line 1756:80:  Expected '!==' and instead saw '!='                                                                           eqeqeq

src\components\Forms\TechnicianStockAdd.jsx
  Line 5:8:    'Swal' is defined but never used                      no-unused-vars
  Line 11:10:  'technicianStock' is assigned a value but never used  no-unused-vars
  Line 12:10:  'sparesData' is assigned a value but never used       no-unused-vars

src\components\Views\ViewInvoice.jsx
  Line 473:8:   React Hook useEffect has a missing dependency: 'fetchData'. Either include it or remove the dependency array  react-hooks/exhaustive-deps
  Line 535:11:  'handleCloseModal' is assigned a value but never used                                                         no-unused-vars

src\components\Views\ViewSpares.jsx
  Line 911:8:  React Hook useEffect has a missing dependency: 'fetchData'. Either include it or remove the dependency array  react-hooks/exhaustive-deps

src\components\Views\ViewTicket.jsx
  Line 694:48:  'Spinner' is defined but never used                                                                                                                                                              no-unused-vars
  Line 714:24:  'setImageLoading' is assigned a value but never used                                                                                                                                             no-unused-vars
  Line 898:9:   'TicketModal' is assigned a value but never used                                                                                                                                                 no-unused-vars
  Line 953:9:   'ImageModal' is assigned a value but never used                                                                                                                                                  no-unused-vars
  Line 969:13:  Redundant alt attribute. Screen-readers already announce `img` tags as an image. You don’t need to use the words `image`, `photo,` or `picture` (or any specified custom words) in the alt prop  jsx-a11y/img-redundant-alt
[info] [2024-10-25T12:10:22.548Z] : [react-plugin]: 
Search for the keywords to learn more about each warning.
[info] [2024-10-25T12:10:22.549Z] : [react-plugin]: To ignore, add // eslint-disable-next-line to the line before.

[debug] [2024-10-25T12:28:02.595Z] : > refreshing access token <
[debug] [2024-10-25T12:28:02.602Z] : >>>> HTTP REQUEST : POST https://accounts.zoho.com/oauth/v2/token 
<request body omitted>

[debug] [2024-10-25T12:28:03.555Z] : <<<< HTTP RESPONSE : 200
Response Headers: {"server":"ZGS","date":"Fri, 25 Oct 2024 12:28:03 GMT","content-type":"application/json;charset=UTF-8","content-length":"1949","connection":"keep-alive","set-cookie":["zalb_b266a5bf57=9f371135a524e2d1f51eb9f41fa26c60; Path=/; Secure; HttpOnly","iamcsr=f917db25-1ebe-4724-b687-3ff3b5d02765;path=/;SameSite=None;Secure;priority=high","_zcsr_tmp=f917db25-1ebe-4724-b687-3ff3b5d02765;path=/;SameSite=Strict;Secure;priority=high"],"cache-control":"no-store","x-content-type-options":"nosniff","pragma":"no-cache","x-frame-options":"SAMEORIGIN","vary":"accept-encoding","content-language":"en-US","strict-transport-security":"max-age=63072000"}

[info] [2024-10-25T12:40:22.185Z] : [react-plugin]: Compiling...
[info] [2024-10-25T12:40:26.718Z] : [react-plugin]: Compiled with warnings.

[info] [2024-10-25T12:40:26.724Z] : [react-plugin]: [eslint] 
src\components\Edit\InvoiceEdit.jsx
  Line 615:21:  Redundant alt attribute. Screen-readers already announce `img` tags as an image. You don’t need to use the words `image`, `photo,` or `picture` (or any specified custom words) in the alt prop  jsx-a11y/img-redundant-alt
  Line 626:11:  'handleEditInvoice' is assigned a value but never used                                                                                                                                           no-unused-vars

src\components\Edit\TicketEdit.jsx
  Line 12:3:  'Divider' is defined but never used  no-unused-vars

src\components\Forms\InvoiceForm.jsx
  Line 1550:25:  'setTicketRowId' is assigned a value but never used                                                           no-unused-vars
  Line 1566:12:  'signature' is assigned a value but never used                                                                no-unused-vars
  Line 1567:21:  'setLoading' is assigned a value but never used                                                               no-unused-vars
  Line 1610:8:   React Hook useEffect has a missing dependency: 'roleEmail'. Either include it or remove the dependency array  react-hooks/exhaustive-deps
  Line 1684:19:  'availableQuantity' is assigned a value but never used                                                        no-unused-vars
  Line 1754:30:  Array.prototype.map() expects a return value from arrow function                                              array-callback-return
  Line 1755:36:  Expected '!==' and instead saw '!='                                                                           eqeqeq
  Line 1755:56:  Expected '!==' and instead saw '!='                                                                           eqeqeq
  Line 1755:80:  Expected '!==' and instead saw '!='                                                                           eqeqeq

src\components\Forms\TechnicianStockAdd.jsx
  Line 5:8:    'Swal' is defined but never used                      no-unused-vars
  Line 11:10:  'technicianStock' is assigned a value but never used  no-unused-vars
  Line 12:10:  'sparesData' is assigned a value but never used       no-unused-vars

src\components\Views\ViewInvoice.jsx
  Line 473:8:   React Hook useEffect has a missing dependency: 'fetchData'. Either include it or remove the dependency array  react-hooks/exhaustive-deps
  Line 535:11:  'handleCloseModal' is assigned a value but never used                                                         no-unused-vars

src\components\Views\ViewSpares.jsx
  Line 911:8:  React Hook useEffect has a missing dependency: 'fetchData'. Either include it or remove the dependency array  react-hooks/exhaustive-deps

src\components\Views\ViewTicket.jsx
  Line 694:48:  'Spinner' is defined but never used                                                                                                                                                              no-unused-vars
  Line 714:24:  'setImageLoading' is assigned a value but never used                                                                                                                                             no-unused-vars
  Line 898:9:   'TicketModal' is assigned a value but never used                                                                                                                                                 no-unused-vars
  Line 953:9:   'ImageModal' is assigned a value but never used                                                                                                                                                  no-unused-vars
  Line 969:13:  Redundant alt attribute. Screen-readers already announce `img` tags as an image. You don’t need to use the words `image`, `photo,` or `picture` (or any specified custom words) in the alt prop  jsx-a11y/img-redundant-alt
[info] [2024-10-25T12:40:26.725Z] : [react-plugin]: 
Search for the keywords to learn more about each warning.
[info] [2024-10-25T12:40:26.727Z] : [react-plugin]: To ignore, add // eslint-disable-next-line to the line before.

[info] [2024-10-25T12:41:45.839Z] : [react-plugin]: Compiling...
[info] [2024-10-25T12:41:49.774Z] : [react-plugin]: Compiled with warnings.

[info] [2024-10-25T12:41:49.782Z] : [react-plugin]: [eslint] 
src\components\Edit\InvoiceEdit.jsx
  Line 615:21:  Redundant alt attribute. Screen-readers already announce `img` tags as an image. You don’t need to use the words `image`, `photo,` or `picture` (or any specified custom words) in the alt prop  jsx-a11y/img-redundant-alt
  Line 626:11:  'handleEditInvoice' is assigned a value but never used                                                                                                                                           no-unused-vars

src\components\Edit\TicketEdit.jsx
  Line 12:3:  'Divider' is defined but never used  no-unused-vars

src\components\Forms\InvoiceForm.jsx
  Line 1550:25:  'setTicketRowId' is assigned a value but never used                                                           no-unused-vars
  Line 1566:12:  'signature' is assigned a value but never used                                                                no-unused-vars
  Line 1567:21:  'setLoading' is assigned a value but never used                                                               no-unused-vars
  Line 1610:8:   React Hook useEffect has a missing dependency: 'roleEmail'. Either include it or remove the dependency array  react-hooks/exhaustive-deps
  Line 1684:19:  'availableQuantity' is assigned a value but never used                                                        no-unused-vars
  Line 1754:30:  Array.prototype.map() expects a value to be returned at the end of arrow function                             array-callback-return
  Line 1755:36:  Expected '!==' and instead saw '!='                                                                           eqeqeq
  Line 1755:56:  Expected '!==' and instead saw '!='                                                                           eqeqeq
  Line 1755:80:  Expected '!==' and instead saw '!='                                                                           eqeqeq
  Line 1759:21:  Array.prototype.map() expects a return value from arrow function                                              array-callback-return

src\components\Forms\TechnicianStockAdd.jsx
  Line 5:8:    'Swal' is defined but never used                      no-unused-vars
  Line 11:10:  'technicianStock' is assigned a value but never used  no-unused-vars
  Line 12:10:  'sparesData' is assigned a value but never used       no-unused-vars

src\components\Views\ViewInvoice.jsx
  Line 473:8:   React Hook useEffect has a missing dependency: 'fetchData'. Either include it or remove the dependency array  react-hooks/exhaustive-deps
  Line 535:11:  'handleCloseModal' is assigned a value but never used                                                         no-unused-vars

src\components\Views\ViewSpares.jsx
  Line 911:8:  React Hook useEffect has a missing dependency: 'fetchData'. Either include it or remove the dependency array  react-hooks/exhaustive-deps

src\components\Views\ViewTicket.jsx
  Line 694:48:  'Spinner' is defined but never used                                                                                                                                                              no-unused-vars
  Line 714:24:  'setImageLoading' is assigned a value but never used                                                                                                                                             no-unused-vars
  Line 898:9:   'TicketModal' is assigned a value but never used                                                                                                                                                 no-unused-vars
  Line 953:9:   'ImageModal' is assigned a value but never used                                                                                                                                                  no-unused-vars
  Line 969:13:  Redundant alt attribute. Screen-readers already announce `img` tags as an image. You don’t need to use the words `image`, `photo,` or `picture` (or any specified custom words) in the alt prop  jsx-a11y/img-redundant-alt
[info] [2024-10-25T12:41:49.783Z] : [react-plugin]: 
Search for the keywords to learn more about each warning.
[info] [2024-10-25T12:41:49.784Z] : [react-plugin]: To ignore, add // eslint-disable-next-line to the line before.

[info] [2024-10-25T12:43:23.048Z] : [react-plugin]: Compiling...
[info] [2024-10-25T12:43:26.576Z] : [react-plugin]: Compiled with warnings.

[info] [2024-10-25T12:43:26.580Z] : [react-plugin]: [eslint] 
src\components\Edit\InvoiceEdit.jsx
  Line 615:21:  Redundant alt attribute. Screen-readers already announce `img` tags as an image. You don’t need to use the words `image`, `photo,` or `picture` (or any specified custom words) in the alt prop  jsx-a11y/img-redundant-alt
  Line 626:11:  'handleEditInvoice' is assigned a value but never used                                                                                                                                           no-unused-vars

src\components\Edit\TicketEdit.jsx
  Line 12:3:  'Divider' is defined but never used  no-unused-vars

src\components\Forms\InvoiceForm.jsx
  Line 1550:25:  'setTicketRowId' is assigned a value but never used                                                           no-unused-vars
  Line 1566:12:  'signature' is assigned a value but never used                                                                no-unused-vars
  Line 1567:21:  'setLoading' is assigned a value but never used                                                               no-unused-vars
  Line 1610:8:   React Hook useEffect has a missing dependency: 'roleEmail'. Either include it or remove the dependency array  react-hooks/exhaustive-deps
  Line 1684:19:  'availableQuantity' is assigned a value but never used                                                        no-unused-vars
  Line 1754:30:  Array.prototype.map() expects a value to be returned at the end of arrow function                             array-callback-return
  Line 1755:36:  Expected '!==' and instead saw '!='                                                                           eqeqeq
  Line 1755:56:  Expected '!==' and instead saw '!='                                                                           eqeqeq
  Line 1755:80:  Expected '!==' and instead saw '!='                                                                           eqeqeq

src\components\Forms\TechnicianStockAdd.jsx
  Line 5:8:    'Swal' is defined but never used                      no-unused-vars
  Line 11:10:  'technicianStock' is assigned a value but never used  no-unused-vars
  Line 12:10:  'sparesData' is assigned a value but never used       no-unused-vars

src\components\Views\ViewInvoice.jsx
  Line 473:8:   React Hook useEffect has a missing dependency: 'fetchData'. Either include it or remove the dependency array  react-hooks/exhaustive-deps
  Line 535:11:  'handleCloseModal' is assigned a value but never used                                                         no-unused-vars

src\components\Views\ViewSpares.jsx
  Line 911:8:  React Hook useEffect has a missing dependency: 'fetchData'. Either include it or remove the dependency array  react-hooks/exhaustive-deps

src\components\Views\ViewTicket.jsx
  Line 694:48:  'Spinner' is defined but never used                                                                                                                                                              no-unused-vars
  Line 714:24:  'setImageLoading' is assigned a value but never used                                                                                                                                             no-unused-vars
  Line 898:9:   'TicketModal' is assigned a value but never used                                                                                                                                                 no-unused-vars
  Line 953:9:   'ImageModal' is assigned a value but never used                                                                                                                                                  no-unused-vars
  Line 969:13:  Redundant alt attribute. Screen-readers already announce `img` tags as an image. You don’t need to use the words `image`, `photo,` or `picture` (or any specified custom words) in the alt prop  jsx-a11y/img-redundant-alt
[info] [2024-10-25T12:43:26.582Z] : [react-plugin]: 
Search for the keywords to learn more about each warning.
[info] [2024-10-25T12:43:26.584Z] : [react-plugin]: To ignore, add // eslint-disable-next-line to the line before.

[info] [2024-10-25T12:45:04.630Z] : [react-plugin]: Compiling...
[info] [2024-10-25T12:45:08.686Z] : [react-plugin]: Compiled with warnings.

[info] [2024-10-25T12:45:08.691Z] : [react-plugin]: [eslint] 
src\components\Edit\InvoiceEdit.jsx
  Line 615:21:  Redundant alt attribute. Screen-readers already announce `img` tags as an image. You don’t need to use the words `image`, `photo,` or `picture` (or any specified custom words) in the alt prop  jsx-a11y/img-redundant-alt
  Line 626:11:  'handleEditInvoice' is assigned a value but never used                                                                                                                                           no-unused-vars

src\components\Edit\TicketEdit.jsx
  Line 12:3:  'Divider' is defined but never used  no-unused-vars

src\components\Forms\InvoiceForm.jsx
  Line 1550:25:  'setTicketRowId' is assigned a value but never used                                                           no-unused-vars
  Line 1566:12:  'signature' is assigned a value but never used                                                                no-unused-vars
  Line 1567:21:  'setLoading' is assigned a value but never used                                                               no-unused-vars
  Line 1610:8:   React Hook useEffect has a missing dependency: 'roleEmail'. Either include it or remove the dependency array  react-hooks/exhaustive-deps
  Line 1684:19:  'availableQuantity' is assigned a value but never used                                                        no-unused-vars
  Line 1755:36:  Expected '!==' and instead saw '!='                                                                           eqeqeq
  Line 1755:56:  Expected '!==' and instead saw '!='                                                                           eqeqeq
  Line 1755:80:  Expected '!==' and instead saw '!='                                                                           eqeqeq

src\components\Forms\TechnicianStockAdd.jsx
  Line 5:8:    'Swal' is defined but never used                      no-unused-vars
  Line 11:10:  'technicianStock' is assigned a value but never used  no-unused-vars
  Line 12:10:  'sparesData' is assigned a value but never used       no-unused-vars

src\components\Views\ViewInvoice.jsx
  Line 473:8:   React Hook useEffect has a missing dependency: 'fetchData'. Either include it or remove the dependency array  react-hooks/exhaustive-deps
  Line 535:11:  'handleCloseModal' is assigned a value but never used                                                         no-unused-vars

src\components\Views\ViewSpares.jsx
  Line 911:8:  React Hook useEffect has a missing dependency: 'fetchData'. Either include it or remove the dependency array  react-hooks/exhaustive-deps

src\components\Views\ViewTicket.jsx
  Line 694:48:  'Spinner' is defined but never used                                                                                                                                                              no-unused-vars
  Line 714:24:  'setImageLoading' is assigned a value but never used                                                                                                                                             no-unused-vars
  Line 898:9:   'TicketModal' is assigned a value but never used                                                                                                                                                 no-unused-vars
  Line 953:9:   'ImageModal' is assigned a value but never used                                                                                                                                                  no-unused-vars
  Line 969:13:  Redundant alt attribute. Screen-readers already announce `img` tags as an image. You don’t need to use the words `image`, `photo,` or `picture` (or any specified custom words) in the alt prop  jsx-a11y/img-redundant-alt
[info] [2024-10-25T12:45:08.692Z] : [react-plugin]: 
Search for the keywords to learn more about each warning.
[info] [2024-10-25T12:45:08.694Z] : [react-plugin]: To ignore, add // eslint-disable-next-line to the line before.

[info] [2024-10-25T13:03:15.050Z] : [react-plugin]: Compiling...
[info] [2024-10-25T13:03:19.696Z] : [react-plugin]: Compiled with warnings.

[info] [2024-10-25T13:03:19.702Z] : [react-plugin]: [eslint] 
src\components\Edit\InvoiceEdit.jsx
  Line 615:21:  Redundant alt attribute. Screen-readers already announce `img` tags as an image. You don’t need to use the words `image`, `photo,` or `picture` (or any specified custom words) in the alt prop  jsx-a11y/img-redundant-alt
  Line 626:11:  'handleEditInvoice' is assigned a value but never used                                                                                                                                           no-unused-vars

src\components\Edit\TicketEdit.jsx
  Line 12:3:  'Divider' is defined but never used  no-unused-vars

src\components\Forms\InvoiceForm.jsx
  Line 1550:25:  'setTicketRowId' is assigned a value but never used                                                           no-unused-vars
  Line 1566:12:  'signature' is assigned a value but never used                                                                no-unused-vars
  Line 1567:21:  'setLoading' is assigned a value but never used                                                               no-unused-vars
  Line 1610:8:   React Hook useEffect has a missing dependency: 'roleEmail'. Either include it or remove the dependency array  react-hooks/exhaustive-deps
  Line 1684:19:  'availableQuantity' is assigned a value but never used                                                        no-unused-vars

src\components\Forms\TechnicianStockAdd.jsx
  Line 5:8:    'Swal' is defined but never used                      no-unused-vars
  Line 11:10:  'technicianStock' is assigned a value but never used  no-unused-vars
  Line 12:10:  'sparesData' is assigned a value but never used       no-unused-vars

src\components\Views\ViewInvoice.jsx
  Line 473:8:   React Hook useEffect has a missing dependency: 'fetchData'. Either include it or remove the dependency array  react-hooks/exhaustive-deps
  Line 535:11:  'handleCloseModal' is assigned a value but never used                                                         no-unused-vars

src\components\Views\ViewSpares.jsx
  Line 911:8:  React Hook useEffect has a missing dependency: 'fetchData'. Either include it or remove the dependency array  react-hooks/exhaustive-deps

src\components\Views\ViewTicket.jsx
  Line 694:48:  'Spinner' is defined but never used                                                                                                                                                              no-unused-vars
  Line 714:24:  'setImageLoading' is assigned a value but never used                                                                                                                                             no-unused-vars
  Line 898:9:   'TicketModal' is assigned a value but never used                                                                                                                                                 no-unused-vars
  Line 953:9:   'ImageModal' is assigned a value but never used                                                                                                                                                  no-unused-vars
  Line 969:13:  Redundant alt attribute. Screen-readers already announce `img` tags as an image. You don’t need to use the words `image`, `photo,` or `picture` (or any specified custom words) in the alt prop  jsx-a11y/img-redundant-alt
[info] [2024-10-25T13:03:19.703Z] : [react-plugin]: 
Search for the keywords to learn more about each warning.
[info] [2024-10-25T13:03:19.704Z] : [react-plugin]: To ignore, add // eslint-disable-next-line to the line before.

[info] [2024-10-25T13:06:27.213Z] : [react-plugin]: Compiling...
[info] [2024-10-25T13:06:31.450Z] : [react-plugin]: Compiled with warnings.

[info] [2024-10-25T13:06:31.458Z] : [react-plugin]: [eslint] 
src\components\Edit\InvoiceEdit.jsx
  Line 615:21:  Redundant alt attribute. Screen-readers already announce `img` tags as an image. You don’t need to use the words `image`, `photo,` or `picture` (or any specified custom words) in the alt prop  jsx-a11y/img-redundant-alt
  Line 626:11:  'handleEditInvoice' is assigned a value but never used                                                                                                                                           no-unused-vars

src\components\Edit\TicketEdit.jsx
  Line 12:3:  'Divider' is defined but never used  no-unused-vars

src\components\Forms\InvoiceForm.jsx
  Line 1550:25:  'setTicketRowId' is assigned a value but never used                                                           no-unused-vars
  Line 1566:12:  'signature' is assigned a value but never used                                                                no-unused-vars
  Line 1567:21:  'setLoading' is assigned a value but never used                                                               no-unused-vars
  Line 1610:8:   React Hook useEffect has a missing dependency: 'roleEmail'. Either include it or remove the dependency array  react-hooks/exhaustive-deps
  Line 1684:19:  'availableQuantity' is assigned a value but never used                                                        no-unused-vars

src\components\Forms\TechnicianStockAdd.jsx
  Line 5:8:    'Swal' is defined but never used                      no-unused-vars
  Line 11:10:  'technicianStock' is assigned a value but never used  no-unused-vars
  Line 12:10:  'sparesData' is assigned a value but never used       no-unused-vars

src\components\Views\ViewInvoice.jsx
  Line 473:8:   React Hook useEffect has a missing dependency: 'fetchData'. Either include it or remove the dependency array  react-hooks/exhaustive-deps
  Line 535:11:  'handleCloseModal' is assigned a value but never used                                                         no-unused-vars

src\components\Views\ViewSpares.jsx
  Line 911:8:  React Hook useEffect has a missing dependency: 'fetchData'. Either include it or remove the dependency array  react-hooks/exhaustive-deps

src\components\Views\ViewTicket.jsx
  Line 694:48:  'Spinner' is defined but never used                                                                                                                                                              no-unused-vars
  Line 714:24:  'setImageLoading' is assigned a value but never used                                                                                                                                             no-unused-vars
  Line 898:9:   'TicketModal' is assigned a value but never used                                                                                                                                                 no-unused-vars
  Line 953:9:   'ImageModal' is assigned a value but never used                                                                                                                                                  no-unused-vars
  Line 969:13:  Redundant alt attribute. Screen-readers already announce `img` tags as an image. You don’t need to use the words `image`, `photo,` or `picture` (or any specified custom words) in the alt prop  jsx-a11y/img-redundant-alt
[info] [2024-10-25T13:06:31.463Z] : [react-plugin]: 
Search for the keywords to learn more about each warning.
[info] [2024-10-25T13:06:31.470Z] : [react-plugin]: To ignore, add // eslint-disable-next-line to the line before.

[info] [2024-10-25T13:10:23.178Z] : [react-plugin]: Compiling...
[info] [2024-10-25T13:10:26.274Z] : [react-plugin]: Failed to compile.

[info] [2024-10-25T13:10:26.275Z] : [react-plugin]: [eslint] 
src\components\Edit\InvoiceEdit.jsx
  Line 658:79:  'handleEditInvoice' is not defined  no-undef

Search for the keywords to learn more about each error.
[info] [2024-10-25T13:10:37.080Z] : [react-plugin]: Compiling...
[info] [2024-10-25T13:10:40.082Z] : [react-plugin]: Compiled with warnings.

[info] [2024-10-25T13:10:40.092Z] : [react-plugin]: [eslint] 
src\components\Edit\InvoiceEdit.jsx
  Line 615:21:  Redundant alt attribute. Screen-readers already announce `img` tags as an image. You don’t need to use the words `image`, `photo,` or `picture` (or any specified custom words) in the alt prop  jsx-a11y/img-redundant-alt

src\components\Edit\TicketEdit.jsx
  Line 12:3:  'Divider' is defined but never used  no-unused-vars

src\components\Forms\InvoiceForm.jsx
  Line 1550:25:  'setTicketRowId' is assigned a value but never used                                                           no-unused-vars
  Line 1566:12:  'signature' is assigned a value but never used                                                                no-unused-vars
  Line 1567:21:  'setLoading' is assigned a value but never used                                                               no-unused-vars
  Line 1610:8:   React Hook useEffect has a missing dependency: 'roleEmail'. Either include it or remove the dependency array  react-hooks/exhaustive-deps
  Line 1684:19:  'availableQuantity' is assigned a value but never used                                                        no-unused-vars

src\components\Forms\TechnicianStockAdd.jsx
  Line 5:8:    'Swal' is defined but never used                      no-unused-vars
  Line 11:10:  'technicianStock' is assigned a value but never used  no-unused-vars
  Line 12:10:  'sparesData' is assigned a value but never used       no-unused-vars

src\components\Views\ViewInvoice.jsx
  Line 473:8:   React Hook useEffect has a missing dependency: 'fetchData'. Either include it or remove the dependency array  react-hooks/exhaustive-deps
  Line 535:11:  'handleCloseModal' is assigned a value but never used                                                         no-unused-vars

src\components\Views\ViewSpares.jsx
  Line 911:8:  React Hook useEffect has a missing dependency: 'fetchData'. Either include it or remove the dependency array  react-hooks/exhaustive-deps

src\components\Views\ViewTicket.jsx
  Line 694:48:  'Spinner' is defined but never used                                                                                                                                                              no-unused-vars
  Line 714:24:  'setImageLoading' is assigned a value but never used                                                                                                                                             no-unused-vars
  Line 898:9:   'TicketModal' is assigned a value but never used                                                                                                                                                 no-unused-vars
  Line 953:9:   'ImageModal' is assigned a value but never used                                                                                                                                                  no-unused-vars
  Line 969:13:  Redundant alt attribute. Screen-readers already announce `img` tags as an image. You don’t need to use the words `image`, `photo,` or `picture` (or any specified custom words) in the alt prop  jsx-a11y/img-redundant-alt
[info] [2024-10-25T13:10:40.099Z] : [react-plugin]: 
Search for the keywords to learn more about each warning.
[info] [2024-10-25T13:10:40.099Z] : [react-plugin]: To ignore, add // eslint-disable-next-line to the line before.

[debug] [2024-10-25T13:28:03.713Z] : > refreshing access token <
[debug] [2024-10-25T13:28:03.720Z] : >>>> HTTP REQUEST : POST https://accounts.zoho.com/oauth/v2/token 
<request body omitted>

[debug] [2024-10-25T13:28:03.746Z] : > refreshing access token <
[debug] [2024-10-25T13:28:03.747Z] : >>>> HTTP REQUEST : POST https://accounts.zoho.com/oauth/v2/token 
<request body omitted>

[debug] [2024-10-25T13:28:03.751Z] : > refreshing access token <
[debug] [2024-10-25T13:28:03.753Z] : >>>> HTTP REQUEST : POST https://accounts.zoho.com/oauth/v2/token 
<request body omitted>

[debug] [2024-10-25T13:28:03.756Z] : > refreshing access token <
[debug] [2024-10-25T13:28:03.758Z] : >>>> HTTP REQUEST : POST https://accounts.zoho.com/oauth/v2/token 
<request body omitted>

[debug] [2024-10-25T13:28:03.760Z] : > refreshing access token <
[debug] [2024-10-25T13:28:03.762Z] : >>>> HTTP REQUEST : POST https://accounts.zoho.com/oauth/v2/token 
<request body omitted>

[debug] [2024-10-25T13:28:03.764Z] : > refreshing access token <
[debug] [2024-10-25T13:28:03.766Z] : >>>> HTTP REQUEST : POST https://accounts.zoho.com/oauth/v2/token 
<request body omitted>

[debug] [2024-10-25T13:28:04.633Z] : <<<< HTTP RESPONSE : 200
Response Headers: {"server":"ZGS","date":"Fri, 25 Oct 2024 13:28:04 GMT","content-type":"application/json;charset=UTF-8","content-length":"1949","connection":"keep-alive","set-cookie":["zalb_b266a5bf57=a7f15cb1555106de5ac96d088b72e7c8; Path=/; Secure; HttpOnly","iamcsr=fa7fac59-21c6-4e00-a248-7d96a10336f6;path=/;SameSite=None;Secure;priority=high","_zcsr_tmp=fa7fac59-21c6-4e00-a248-7d96a10336f6;path=/;SameSite=Strict;Secure;priority=high"],"cache-control":"no-store","x-content-type-options":"nosniff","pragma":"no-cache","x-frame-options":"SAMEORIGIN","vary":"accept-encoding","content-language":"en-US","strict-transport-security":"max-age=63072000"}

[debug] [2024-10-25T13:28:04.684Z] : <<<< HTTP RESPONSE : 200
Response Headers: {"server":"ZGS","date":"Fri, 25 Oct 2024 13:28:04 GMT","content-type":"application/json;charset=UTF-8","content-length":"1949","connection":"keep-alive","set-cookie":["zalb_b266a5bf57=a7f15cb1555106de5ac96d088b72e7c8; Path=/; Secure; HttpOnly","iamcsr=1e7b799e-28a9-4819-9ab3-7cfd85613383;path=/;SameSite=None;Secure;priority=high","_zcsr_tmp=1e7b799e-28a9-4819-9ab3-7cfd85613383;path=/;SameSite=Strict;Secure;priority=high"],"cache-control":"no-store","x-content-type-options":"nosniff","pragma":"no-cache","x-frame-options":"SAMEORIGIN","vary":"accept-encoding","content-language":"en-US","strict-transport-security":"max-age=63072000"}

[debug] [2024-10-25T13:28:04.727Z] : <<<< HTTP RESPONSE : 200
Response Headers: {"server":"ZGS","date":"Fri, 25 Oct 2024 13:28:04 GMT","content-type":"application/json;charset=UTF-8","content-length":"1949","connection":"keep-alive","set-cookie":["zalb_b266a5bf57=9f371135a524e2d1f51eb9f41fa26c60; Path=/; Secure; HttpOnly","iamcsr=a2000211-f039-4764-a0a6-b29439b5d3fc;path=/;SameSite=None;Secure;priority=high","_zcsr_tmp=a2000211-f039-4764-a0a6-b29439b5d3fc;path=/;SameSite=Strict;Secure;priority=high"],"cache-control":"no-store","x-content-type-options":"nosniff","pragma":"no-cache","x-frame-options":"SAMEORIGIN","vary":"accept-encoding","content-language":"en-US","strict-transport-security":"max-age=63072000"}

[debug] [2024-10-25T13:28:04.739Z] : <<<< HTTP RESPONSE : 200
Response Headers: {"server":"ZGS","date":"Fri, 25 Oct 2024 13:28:04 GMT","content-type":"application/json;charset=UTF-8","content-length":"1949","connection":"keep-alive","set-cookie":["zalb_b266a5bf57=a711b6da0e6cbadb5e254290f114a026; Path=/; Secure; HttpOnly","iamcsr=2e31209d-a761-45d4-a941-52ce5ac62c3d;path=/;SameSite=None;Secure;priority=high","_zcsr_tmp=2e31209d-a761-45d4-a941-52ce5ac62c3d;path=/;SameSite=Strict;Secure;priority=high"],"cache-control":"no-store","x-content-type-options":"nosniff","pragma":"no-cache","x-frame-options":"SAMEORIGIN","vary":"accept-encoding","content-language":"en-US","strict-transport-security":"max-age=63072000"}

[debug] [2024-10-25T13:28:04.751Z] : <<<< HTTP RESPONSE : 200
Response Headers: {"server":"ZGS","date":"Fri, 25 Oct 2024 13:28:04 GMT","content-type":"application/json;charset=UTF-8","content-length":"1949","connection":"keep-alive","set-cookie":["zalb_b266a5bf57=9f371135a524e2d1f51eb9f41fa26c60; Path=/; Secure; HttpOnly","iamcsr=de54dd07-3de4-403d-8041-1229e732d984;path=/;SameSite=None;Secure;priority=high","_zcsr_tmp=de54dd07-3de4-403d-8041-1229e732d984;path=/;SameSite=Strict;Secure;priority=high"],"cache-control":"no-store","x-content-type-options":"nosniff","pragma":"no-cache","x-frame-options":"SAMEORIGIN","vary":"accept-encoding","content-language":"en-US","strict-transport-security":"max-age=63072000"}

[debug] [2024-10-25T13:28:05.258Z] : <<<< HTTP RESPONSE : 200
Response Headers: {"server":"ZGS","date":"Fri, 25 Oct 2024 13:28:05 GMT","content-type":"application/json;charset=UTF-8","content-length":"1949","connection":"keep-alive","set-cookie":["zalb_b266a5bf57=a7f15cb1555106de5ac96d088b72e7c8; Path=/; Secure; HttpOnly","iamcsr=48f293b0-0fbb-47fe-84f4-b63c9d3d09d2;path=/;SameSite=None;Secure;priority=high","_zcsr_tmp=48f293b0-0fbb-47fe-84f4-b63c9d3d09d2;path=/;SameSite=Strict;Secure;priority=high"],"cache-control":"no-store","x-content-type-options":"nosniff","pragma":"no-cache","x-frame-options":"SAMEORIGIN","vary":"accept-encoding","content-language":"en-US","strict-transport-security":"max-age=63072000"}

[info] [2024-10-25T13:43:13.725Z] : [react-plugin]: Compiling...
[info] [2024-10-25T13:43:16.874Z] : [react-plugin]: Compiled with warnings.

[info] [2024-10-25T13:43:16.879Z] : [react-plugin]: [eslint] 
src\components\Edit\InvoiceEdit.jsx
  Line 531:12:  'invoicePdfData' is assigned a value but never used                                                                                                                                              no-unused-vars
  Line 531:27:  'setInvoicePdfData' is assigned a value but never used                                                                                                                                           no-unused-vars
  Line 617:21:  Redundant alt attribute. Screen-readers already announce `img` tags as an image. You don’t need to use the words `image`, `photo,` or `picture` (or any specified custom words) in the alt prop  jsx-a11y/img-redundant-alt
  Line 659:54:  Array.prototype.reduce() expects a return value from arrow function                                                                                                                              array-callback-return

src\components\Edit\TicketEdit.jsx
  Line 12:3:  'Divider' is defined but never used  no-unused-vars

src\components\Forms\InvoiceForm.jsx
  Line 1550:25:  'setTicketRowId' is assigned a value but never used                                                           no-unused-vars
  Line 1566:12:  'signature' is assigned a value but never used                                                                no-unused-vars
  Line 1567:21:  'setLoading' is assigned a value but never used                                                               no-unused-vars
  Line 1610:8:   React Hook useEffect has a missing dependency: 'roleEmail'. Either include it or remove the dependency array  react-hooks/exhaustive-deps
  Line 1684:19:  'availableQuantity' is assigned a value but never used                                                        no-unused-vars

src\components\Forms\TechnicianStockAdd.jsx
  Line 5:8:    'Swal' is defined but never used                      no-unused-vars
  Line 11:10:  'technicianStock' is assigned a value but never used  no-unused-vars
  Line 12:10:  'sparesData' is assigned a value but never used       no-unused-vars

src\components\Views\ViewInvoice.jsx
  Line 473:8:   React Hook useEffect has a missing dependency: 'fetchData'. Either include it or remove the dependency array  react-hooks/exhaustive-deps
  Line 535:11:  'handleCloseModal' is assigned a value but never used                                                         no-unused-vars

src\components\Views\ViewSpares.jsx
  Line 911:8:  React Hook useEffect has a missing dependency: 'fetchData'. Either include it or remove the dependency array  react-hooks/exhaustive-deps

src\components\Views\ViewTicket.jsx
  Line 694:48:  'Spinner' is defined but never used                                                                                                                                                              no-unused-vars
  Line 714:24:  'setImageLoading' is assigned a value but never used                                                                                                                                             no-unused-vars
  Line 898:9:   'TicketModal' is assigned a value but never used                                                                                                                                                 no-unused-vars
  Line 953:9:   'ImageModal' is assigned a value but never used                                                                                                                                                  no-unused-vars
  Line 969:13:  Redundant alt attribute. Screen-readers already announce `img` tags as an image. You don’t need to use the words `image`, `photo,` or `picture` (or any specified custom words) in the alt prop  jsx-a11y/img-redundant-alt
[info] [2024-10-25T13:43:16.880Z] : [react-plugin]: 
Search for the keywords to learn more about each warning.
[info] [2024-10-25T13:43:16.880Z] : [react-plugin]: To ignore, add // eslint-disable-next-line to the line before.

[info] [2024-10-25T13:44:10.325Z] : [react-plugin]: Compiling...
[info] [2024-10-25T13:44:13.250Z] : [react-plugin]: Compiled with warnings.

[info] [2024-10-25T13:44:13.254Z] : [react-plugin]: [eslint] 
src\components\Edit\InvoiceEdit.jsx
  Line 531:12:  'invoicePdfData' is assigned a value but never used                                                                                                                                              no-unused-vars
  Line 531:27:  'setInvoicePdfData' is assigned a value but never used                                                                                                                                           no-unused-vars
  Line 617:21:  Redundant alt attribute. Screen-readers already announce `img` tags as an image. You don’t need to use the words `image`, `photo,` or `picture` (or any specified custom words) in the alt prop  jsx-a11y/img-redundant-alt
  Line 659:54:  Array.prototype.reduce() expects a return value from arrow function                                                                                                                              array-callback-return

src\components\Edit\TicketEdit.jsx
  Line 12:3:  'Divider' is defined but never used  no-unused-vars

src\components\Forms\InvoiceForm.jsx
  Line 1550:25:  'setTicketRowId' is assigned a value but never used                                                           no-unused-vars
  Line 1566:12:  'signature' is assigned a value but never used                                                                no-unused-vars
  Line 1567:21:  'setLoading' is assigned a value but never used                                                               no-unused-vars
  Line 1610:8:   React Hook useEffect has a missing dependency: 'roleEmail'. Either include it or remove the dependency array  react-hooks/exhaustive-deps
  Line 1684:19:  'availableQuantity' is assigned a value but never used                                                        no-unused-vars

src\components\Forms\TechnicianStockAdd.jsx
  Line 5:8:    'Swal' is defined but never used                      no-unused-vars
  Line 11:10:  'technicianStock' is assigned a value but never used  no-unused-vars
  Line 12:10:  'sparesData' is assigned a value but never used       no-unused-vars

src\components\Views\ViewInvoice.jsx
  Line 473:8:   React Hook useEffect has a missing dependency: 'fetchData'. Either include it or remove the dependency array  react-hooks/exhaustive-deps
  Line 535:11:  'handleCloseModal' is assigned a value but never used                                                         no-unused-vars

src\components\Views\ViewSpares.jsx
  Line 911:8:  React Hook useEffect has a missing dependency: 'fetchData'. Either include it or remove the dependency array  react-hooks/exhaustive-deps

src\components\Views\ViewTicket.jsx
  Line 694:48:  'Spinner' is defined but never used                                                                                                                                                              no-unused-vars
  Line 714:24:  'setImageLoading' is assigned a value but never used                                                                                                                                             no-unused-vars
  Line 898:9:   'TicketModal' is assigned a value but never used                                                                                                                                                 no-unused-vars
  Line 953:9:   'ImageModal' is assigned a value but never used                                                                                                                                                  no-unused-vars
  Line 969:13:  Redundant alt attribute. Screen-readers already announce `img` tags as an image. You don’t need to use the words `image`, `photo,` or `picture` (or any specified custom words) in the alt prop  jsx-a11y/img-redundant-alt
[info] [2024-10-25T13:44:13.255Z] : [react-plugin]: 
Search for the keywords to learn more about each warning.
[info] [2024-10-25T13:44:13.256Z] : [react-plugin]: To ignore, add // eslint-disable-next-line to the line before.

[info] [2024-10-25T13:44:48.739Z] : [react-plugin]: Compiling...
[info] [2024-10-25T13:44:51.547Z] : [react-plugin]: Compiled with warnings.

[info] [2024-10-25T13:44:51.551Z] : [react-plugin]: [eslint] 
src\components\Edit\InvoiceEdit.jsx
  Line 531:12:  'invoicePdfData' is assigned a value but never used                                                                                                                                              no-unused-vars
  Line 531:27:  'setInvoicePdfData' is assigned a value but never used                                                                                                                                           no-unused-vars
  Line 617:21:  Redundant alt attribute. Screen-readers already announce `img` tags as an image. You don’t need to use the words `image`, `photo,` or `picture` (or any specified custom words) in the alt prop  jsx-a11y/img-redundant-alt
  Line 659:54:  Array.prototype.reduce() expects a return value from arrow function                                                                                                                              array-callback-return

src\components\Edit\TicketEdit.jsx
  Line 12:3:  'Divider' is defined but never used  no-unused-vars

src\components\Forms\InvoiceForm.jsx
  Line 1550:25:  'setTicketRowId' is assigned a value but never used                                                           no-unused-vars
  Line 1566:12:  'signature' is assigned a value but never used                                                                no-unused-vars
  Line 1567:21:  'setLoading' is assigned a value but never used                                                               no-unused-vars
  Line 1610:8:   React Hook useEffect has a missing dependency: 'roleEmail'. Either include it or remove the dependency array  react-hooks/exhaustive-deps
  Line 1684:19:  'availableQuantity' is assigned a value but never used                                                        no-unused-vars

src\components\Forms\TechnicianStockAdd.jsx
  Line 5:8:    'Swal' is defined but never used                      no-unused-vars
  Line 11:10:  'technicianStock' is assigned a value but never used  no-unused-vars
  Line 12:10:  'sparesData' is assigned a value but never used       no-unused-vars

src\components\Views\ViewInvoice.jsx
  Line 473:8:   React Hook useEffect has a missing dependency: 'fetchData'. Either include it or remove the dependency array  react-hooks/exhaustive-deps
  Line 535:11:  'handleCloseModal' is assigned a value but never used                                                         no-unused-vars

src\components\Views\ViewSpares.jsx
  Line 911:8:  React Hook useEffect has a missing dependency: 'fetchData'. Either include it or remove the dependency array  react-hooks/exhaustive-deps

src\components\Views\ViewTicket.jsx
  Line 694:48:  'Spinner' is defined but never used                                                                                                                                                              no-unused-vars
  Line 714:24:  'setImageLoading' is assigned a value but never used                                                                                                                                             no-unused-vars
  Line 898:9:   'TicketModal' is assigned a value but never used                                                                                                                                                 no-unused-vars
  Line 953:9:   'ImageModal' is assigned a value but never used                                                                                                                                                  no-unused-vars
  Line 969:13:  Redundant alt attribute. Screen-readers already announce `img` tags as an image. You don’t need to use the words `image`, `photo,` or `picture` (or any specified custom words) in the alt prop  jsx-a11y/img-redundant-alt
[info] [2024-10-25T13:44:51.552Z] : [react-plugin]: 
Search for the keywords to learn more about each warning.
[info] [2024-10-25T13:44:51.552Z] : [react-plugin]: To ignore, add // eslint-disable-next-line to the line before.

[info] [2024-10-25T13:48:13.833Z] : [react-plugin]: Compiling...
[info] [2024-10-25T13:48:17.218Z] : [react-plugin]: Failed to compile.

[info] [2024-10-25T13:48:17.218Z] : [react-plugin]: [eslint] 
src\components\Edit\InvoiceEdit.jsx
  Line 671:36:  'grantTotal' is not defined  no-undef

Search for the keywords to learn more about each error.
[info] [2024-10-25T13:48:30.024Z] : [react-plugin]: Compiling...
[info] [2024-10-25T13:48:32.760Z] : [react-plugin]: Compiled with warnings.

[info] [2024-10-25T13:48:32.766Z] : [react-plugin]: [eslint] 
src\components\Edit\InvoiceEdit.jsx
  Line 531:12:  'invoicePdfData' is assigned a value but never used                                                                                                                                              no-unused-vars
  Line 531:28:  'setInvoicePdfData' is assigned a value but never used                                                                                                                                           no-unused-vars
  Line 617:21:  Redundant alt attribute. Screen-readers already announce `img` tags as an image. You don’t need to use the words `image`, `photo,` or `picture` (or any specified custom words) in the alt prop  jsx-a11y/img-redundant-alt
  Line 665:98:  Array.prototype.reduce() expects a return value from arrow function                                                                                                                              array-callback-return

src\components\Edit\TicketEdit.jsx
  Line 12:3:  'Divider' is defined but never used  no-unused-vars

src\components\Forms\InvoiceForm.jsx
  Line 1550:25:  'setTicketRowId' is assigned a value but never used                                                           no-unused-vars
  Line 1566:12:  'signature' is assigned a value but never used                                                                no-unused-vars
  Line 1567:21:  'setLoading' is assigned a value but never used                                                               no-unused-vars
  Line 1610:8:   React Hook useEffect has a missing dependency: 'roleEmail'. Either include it or remove the dependency array  react-hooks/exhaustive-deps
  Line 1684:19:  'availableQuantity' is assigned a value but never used                                                        no-unused-vars

src\components\Forms\TechnicianStockAdd.jsx
  Line 5:8:    'Swal' is defined but never used                      no-unused-vars
  Line 11:10:  'technicianStock' is assigned a value but never used  no-unused-vars
  Line 12:10:  'sparesData' is assigned a value but never used       no-unused-vars

src\components\Views\ViewInvoice.jsx
  Line 473:8:   React Hook useEffect has a missing dependency: 'fetchData'. Either include it or remove the dependency array  react-hooks/exhaustive-deps
  Line 535:11:  'handleCloseModal' is assigned a value but never used                                                         no-unused-vars

src\components\Views\ViewSpares.jsx
  Line 911:8:  React Hook useEffect has a missing dependency: 'fetchData'. Either include it or remove the dependency array  react-hooks/exhaustive-deps

src\components\Views\ViewTicket.jsx
  Line 694:48:  'Spinner' is defined but never used                                                                                                                                                              no-unused-vars
  Line 714:24:  'setImageLoading' is assigned a value but never used                                                                                                                                             no-unused-vars
  Line 898:9:   'TicketModal' is assigned a value but never used                                                                                                                                                 no-unused-vars
  Line 953:9:   'ImageModal' is assigned a value but never used                                                                                                                                                  no-unused-vars
  Line 969:13:  Redundant alt attribute. Screen-readers already announce `img` tags as an image. You don’t need to use the words `image`, `photo,` or `picture` (or any specified custom words) in the alt prop  jsx-a11y/img-redundant-alt
[info] [2024-10-25T13:48:32.766Z] : [react-plugin]: 
Search for the keywords to learn more about each warning.
[info] [2024-10-25T13:48:32.767Z] : [react-plugin]: To ignore, add // eslint-disable-next-line to the line before.

[info] [2024-10-25T13:49:58.271Z] : [react-plugin]: Compiling...
[info] [2024-10-25T13:50:01.367Z] : [react-plugin]: Compiled with warnings.

[info] [2024-10-25T13:50:01.371Z] : [react-plugin]: [eslint] 
src\components\Edit\InvoiceEdit.jsx
  Line 531:12:   'invoicePdfData' is assigned a value but never used                                                                                                                                              no-unused-vars
  Line 531:28:   'setInvoicePdfData' is assigned a value but never used                                                                                                                                           no-unused-vars
  Line 617:21:   Redundant alt attribute. Screen-readers already announce `img` tags as an image. You don’t need to use the words `image`, `photo,` or `picture` (or any specified custom words) in the alt prop  jsx-a11y/img-redundant-alt
  Line 665:91:   Expected '!==' and instead saw '!='                                                                                                                                                              eqeqeq
  Line 665:121:  Array.prototype.reduce() expects a return value from arrow function                                                                                                                              array-callback-return

src\components\Edit\TicketEdit.jsx
  Line 12:3:  'Divider' is defined but never used  no-unused-vars

src\components\Forms\InvoiceForm.jsx
  Line 1550:25:  'setTicketRowId' is assigned a value but never used                                                           no-unused-vars
  Line 1566:12:  'signature' is assigned a value but never used                                                                no-unused-vars
  Line 1567:21:  'setLoading' is assigned a value but never used                                                               no-unused-vars
  Line 1610:8:   React Hook useEffect has a missing dependency: 'roleEmail'. Either include it or remove the dependency array  react-hooks/exhaustive-deps
  Line 1684:19:  'availableQuantity' is assigned a value but never used                                                        no-unused-vars

src\components\Forms\TechnicianStockAdd.jsx
  Line 5:8:    'Swal' is defined but never used                      no-unused-vars
  Line 11:10:  'technicianStock' is assigned a value but never used  no-unused-vars
  Line 12:10:  'sparesData' is assigned a value but never used       no-unused-vars

src\components\Views\ViewInvoice.jsx
  Line 473:8:   React Hook useEffect has a missing dependency: 'fetchData'. Either include it or remove the dependency array  react-hooks/exhaustive-deps
  Line 535:11:  'handleCloseModal' is assigned a value but never used                                                         no-unused-vars

src\components\Views\ViewSpares.jsx
  Line 911:8:  React Hook useEffect has a missing dependency: 'fetchData'. Either include it or remove the dependency array  react-hooks/exhaustive-deps

src\components\Views\ViewTicket.jsx
  Line 694:48:  'Spinner' is defined but never used                                                                                                                                                              no-unused-vars
  Line 714:24:  'setImageLoading' is assigned a value but never used                                                                                                                                             no-unused-vars
  Line 898:9:   'TicketModal' is assigned a value but never used                                                                                                                                                 no-unused-vars
  Line 953:9:   'ImageModal' is assigned a value but never used                                                                                                                                                  no-unused-vars
  Line 969:13:  Redundant alt attribute. Screen-readers already announce `img` tags as an image. You don’t need to use the words `image`, `photo,` or `picture` (or any specified custom words) in the alt prop  jsx-a11y/img-redundant-alt
[info] [2024-10-25T13:50:01.371Z] : [react-plugin]: 
Search for the keywords to learn more about each warning.
[info] [2024-10-25T13:50:01.372Z] : [react-plugin]: To ignore, add // eslint-disable-next-line to the line before.

